energy_eV,delta_Im_epsilon
1.000000000000000021e-02,1.687526965909288992e+04
2.000000000000000042e-02,5.707416691411417560e+03
2.999999999999999889e-02,8.954541849337642816e+02
4.000000000000000083e-02,-2.193722113987616467e+03
5.000000000000000278e-02,-4.452869722888602155e+03
5.999999999999999778e-02,-6.158261889347727447e+03
7.000000000000000666e-02,-7.416997664379794514e+03
8.000000000000000167e-02,-8.279369282474315696e+03
8.999999999999999667e-02,-8.776438596614018024e+03
1.000000000000000056e-01,-8.934849103113430829e+03
1.100000000000000006e-01,-8.783077857949812824e+03
1.199999999999999956e-01,-8.353892052637360393e+03
1.300000000000000044e-01,-7.684883338254812770e+03
1.400000000000000133e-01,-6.817929523339399566e+03
1.499999999999999944e-01,-5.798029610112772389e+03
1.600000000000000033e-01,-4.671783863318581098e+03
1.700000000000000122e-01,-3.485707869771976220e+03
1.799999999999999933e-01,-2.284524857708256604e+03
1.900000000000000022e-01,-1.109551660820236975e+03
2.000000000000000111e-01,2.728984313641481751e+00
2.099999999999999922e-01,1.021837742513963235e+03
2.200000000000000011e-01,1.924157636118894743e+03
2.300000000000000100e-01,2.693450637822965746e+03
2.399999999999999911e-01,3.321019368868178844e+03
2.500000000000000000e-01,3.805519866493051723e+03
2.600000000000000089e-01,4.152448274808026326e+03
2.700000000000000178e-01,4.373339014565396610e+03
2.800000000000000266e-01,4.484724015491784485e+03
2.899999999999999800e-01,4.506911603664574614e+03
2.999999999999999889e-01,4.462649434397352707e+03
3.099999999999999978e-01,4.375738412786875415e+03
3.200000000000000067e-01,4.269663959182261351e+03
3.300000000000000155e-01,4.166307491022826071e+03
3.400000000000000244e-01,4.084794942843642275e+03
3.500000000000000333e-01,4.040530944455699682e+03
3.599999999999999867e-01,4.044457383034770373e+03
3.699999999999999956e-01,4.102563971370525906e+03
3.800000000000000044e-01,4.215666618018312874e+03
3.900000000000000133e-01,4.379457318397731797e+03
4.000000000000000222e-01,4.584817406774778647e+03
4.100000000000000311e-01,4.818374742620815596e+03
4.199999999999999845e-01,5.063275128926098660e+03
4.299999999999999933e-01,5.300129312731854952e+03
4.400000000000000022e-01,5.508089595772663415e+03
4.500000000000000111e-01,5.666004637781051315e+03
4.600000000000000200e-01,5.753597670552566342e+03
4.700000000000000289e-01,5.752612206961755874e+03
4.799999999999999822e-01,5.647870513304406813e+03
4.899999999999999911e-01,5.428193631718695542e+03
5.000000000000000000e-01,5.087137526919152151e+03
5.100000000000000089e-01,4.623507833042172024e+03
5.200000000000000178e-01,4.041625440962494395e+03
5.300000000000000266e-01,3.351326444961420293e+03
5.400000000000000355e-01,2.567692316967544684e+03
5.500000000000000444e-01,1.710519070148966193e+03
5.600000000000000533e-01,8.035470193455556682e+02
5.700000000000000622e-01,-1.265150886465205247e+02
5.799999999999999600e-01,-1.051126957678800636e+03
5.899999999999999689e-01,-1.941161111118330382e+03
5.999999999999999778e-01,-2.768194793291298993e+03
6.099999999999999867e-01,-3.505785947857100837e+03
6.199999999999999956e-01,-4.130669543659484589e+03
6.300000000000000044e-01,-4.623813607407975724e+03
6.400000000000000133e-01,-4.971280720133603609e+03
6.500000000000000222e-01,-5.164850190279089475e+03
6.600000000000000311e-01,-5.202368187994871732e+03
6.700000000000000400e-01,-5.087807196157470571e+03
6.800000000000000488e-01,-4.831031444286365513e+03
6.900000000000000577e-01,-4.447280682019190863e+03
7.000000000000000666e-01,-3.956399810453432110e+03
7.099999999999999645e-01,-3.381855622321798364e+03
7.199999999999999734e-01,-2.749593372993124376e+03
7.299999999999999822e-01,-2.086794405033339899e+03
7.399999999999999911e-01,-1.420601044613038766e+03
7.500000000000000000e-01,-7.768761563842642772e+02
7.600000000000000089e-01,-1.790620007779105833e+02
7.700000000000000178e-01,3.528034522036712133e+02
7.800000000000000266e-01,8.028644320319033341e+02
7.900000000000000355e-01,1.159983736829701684e+03
8.000000000000000444e-01,1.418016288157054305e+03
8.100000000000000533e-01,1.575814098214524392e+03
8.200000000000000622e-01,1.636972412601339784e+03
8.300000000000000711e-01,1.609341390048868334e+03
8.399999999999999689e-01,1.504340438899581613e+03
8.499999999999999778e-01,1.336122478743479633e+03
8.599999999999999867e-01,1.120642348372577089e+03
8.699999999999999956e-01,8.746869736596020175e+02
8.800000000000000044e-01,6.149246206165159947e+02
8.900000000000000133e-01,3.570267177047324481e+02
9.000000000000000222e-01,1.149087005974102880e+02
9.100000000000000311e-01,-9.987331959188981045e+01
9.200000000000000400e-01,-2.785448077279117456e+02
9.300000000000000488e-01,-4.153413195846900976e+02
9.400000000000000577e-01,-5.075434018735926998e+02
9.500000000000000666e-01,-5.553300931361574158e+02
9.599999999999999645e-01,-5.614738711217422633e+02
9.699999999999999734e-01,-5.309084098848812800e+02
9.799999999999999822e-01,-4.702064421347475900e+02
9.899999999999999911e-01,-3.870080989063962420e+02
1.000000000000000000e+00,-2.894402635236294259e+02
1.010000000000000009e+00,-1.855648843386684632e+02
1.020000000000000018e+00,-8.288918524515017339e+01
1.030000000000000027e+00,1.203620459801266662e+01
1.040000000000000036e+00,9.391339668248508588e+01
1.050000000000000044e+00,1.588786997939616867e+02
1.060000000000000053e+00,2.045692040486463554e+02
1.070000000000000062e+00,2.300823934515216251e+02
1.080000000000000071e+00,2.358435275072031345e+02
1.090000000000000080e+00,2.234007065999174415e+02
1.100000000000000089e+00,1.951707780899730551e+02
1.110000000000000098e+00,1.541604494131405261e+02
1.120000000000000107e+00,1.036862144769973781e+02
1.130000000000000115e+00,4.711418405483302507e+01
1.140000000000000124e+00,-1.236302206185247776e+01
1.150000000000000133e+00,-7.190008529802031489e+01
1.159999999999999920e+00,-1.291166974029729602e+02
1.169999999999999929e+00,-1.821578210197998260e+02
1.179999999999999938e+00,-2.297001798665498029e+02
1.189999999999999947e+00,-2.709128654761673261e+02
1.199999999999999956e+00,-3.053830494761777459e+02
1.209999999999999964e+00,-3.330196104660378751e+02
1.219999999999999973e+00,-3.539479701572155932e+02
1.229999999999999982e+00,-3.684086517535466214e+02
1.239999999999999991e+00,-3.766701983261313558e+02
1.250000000000000000e+00,-3.789643788990663325e+02
1.260000000000000009e+00,-3.754483809192287822e+02
1.270000000000000018e+00,-3.661952812150416889e+02
1.280000000000000027e+00,-3.512108385550939715e+02
1.290000000000000036e+00,-3.304718583764351933e+02
1.300000000000000044e+00,-3.039792817330530283e+02
1.310000000000000053e+00,-2.718179039534716139e+02
1.320000000000000062e+00,-2.342143019806090365e+02
1.330000000000000071e+00,-1.915851195931086863e+02
1.340000000000000080e+00,-1.445692188781054028e+02
1.350000000000000089e+00,-9.403917650921901839e+01
1.360000000000000098e+00,-4.108995672120615694e+01
1.370000000000000107e+00,1.299492445696390419e+01
1.380000000000000115e+00,6.679707155332205559e+01
1.390000000000000124e+00,1.188320445204489175e+02
1.400000000000000133e+00,1.676272214709748880e+02
1.409999999999999920e+00,2.118017599696229070e+02
1.419999999999999929e+00,2.501416526654565757e+02
1.429999999999999938e+00,2.816634984055342557e+02
1.439999999999999947e+00,3.056618472885935489e+02
1.449999999999999956e+00,3.217366812836328336e+02
1.459999999999999964e+00,3.297995733739319917e+02
1.469999999999999973e+00,3.300591182339186389e+02
1.479999999999999982e+00,3.229881363285267071e+02
1.489999999999999991e+00,3.092767316018659471e+02
1.500000000000000000e+00,2.897763799477214661e+02
1.510000000000000009e+00,2.654407437335785858e+02
1.520000000000000018e+00,2.372688107160523714e+02
1.530000000000000027e+00,2.062552717620604028e+02
1.540000000000000036e+00,1.733518690987672244e+02
1.550000000000000044e+00,1.394419040013753488e+02
1.560000000000000053e+00,1.053283643178402968e+02
1.570000000000000062e+00,7.173441019190907753e+01
1.580000000000000071e+00,3.931343102462134453e+01
1.590000000000000080e+00,8.664727050313064893e+00
1.600000000000000089e+00,-1.964979469199409223e+01
1.610000000000000098e+00,-4.509260927004121555e+01
1.620000000000000107e+00,-6.714544325342923514e+01
1.630000000000000115e+00,-8.531516826972340084e+01
1.640000000000000124e+00,-9.915236569357497842e+01
1.650000000000000133e+00,-1.082824208633562222e+02
1.660000000000000142e+00,-1.124471126620289994e+02
1.669999999999999929e+00,-1.115528725762499107e+02
1.679999999999999938e+00,-1.057203982212034816e+02
1.689999999999999947e+00,-9.532929846476342561e+01
1.699999999999999956e+00,-8.105105808927997657e+01
1.709999999999999964e+00,-6.386392083364784611e+01
1.719999999999999973e+00,-4.504431646568026082e+01
1.729999999999999982e+00,-2.613114665266172665e+01
1.739999999999999991e+00,-8.861475454574895494e+00
1.750000000000000000e+00,4.921235029917595760e+00
1.760000000000000009e+00,1.338246677651153504e+01
1.770000000000000018e+00,1.482905674982166389e+01
1.780000000000000027e+00,7.849890255971407882e+00
1.790000000000000036e+00,-8.545601962760795089e+00
1.800000000000000044e+00,-3.480253871733471271e+01
1.810000000000000053e+00,-7.072068189350778766e+01
1.820000000000000062e+00,-1.153899802901144795e+02
1.830000000000000071e+00,-1.671701171488613795e+02
1.840000000000000080e+00,-2.237198755369890932e+02
1.850000000000000089e+00,-2.820787342335647736e+02
1.860000000000000098e+00,-3.387992846361260035e+02
1.870000000000000107e+00,-3.901251032571468045e+02
1.880000000000000115e+00,-4.322049343174737146e+02
1.890000000000000124e+00,-4.613307406656755916e+02
1.900000000000000133e+00,-4.741846497416647139e+02
1.910000000000000142e+00,-4.680782851458329787e+02
1.919999999999999929e+00,-4.411675938596666811e+02
1.929999999999999938e+00,-3.926271296431225437e+02
1.939999999999999947e+00,-3.227698169059906377e+02
1.949999999999999956e+00,-2.331013848024907986e+02
1.959999999999999964e+00,-1.263027294735863535e+02
1.969999999999999973e+00,-6.138160510838778450e+00
1.979999999999999982e+00,1.227075111640477445e+02
1.989999999999999991e+00,2.548551399331334153e+02
2.000000000000000000e+00,3.845082306569543675e+02
2.010000000000000231e+00,5.057645264526983624e+02
2.020000000000000018e+00,6.129432425543492400e+02
2.030000000000000249e+00,7.009075042396897288e+02
2.040000000000000036e+00,7.653614434446018322e+02
2.049999999999999822e+00,8.031027154726525623e+02
2.060000000000000053e+00,8.122138402225165237e+02
2.069999999999999840e+00,7.921795804462274191e+02
2.080000000000000071e+00,7.439222863573239692e+02
2.089999999999999858e+00,6.697524382764589745e+02
2.100000000000000089e+00,5.732371403921249566e+02
2.109999999999999876e+00,4.589946758301681484e+02
2.120000000000000107e+00,3.324280538606326445e+02
2.129999999999999893e+00,1.994144300767350444e+02
2.140000000000000124e+00,6.597008774875337167e+01
2.149999999999999911e+00,-6.208785716590953996e+01
2.160000000000000142e+00,-1.794618192471304496e+02
2.169999999999999929e+00,-2.816563443320348483e+02
2.180000000000000160e+00,-3.652058116184845744e+02
2.189999999999999947e+00,-4.278339154778479383e+02
2.200000000000000178e+00,-4.685362653900981513e+02
2.209999999999999964e+00,-4.875826176572168720e+02
2.220000000000000195e+00,-4.864405803678826032e+02
2.229999999999999982e+00,-4.676277450614702502e+02
2.240000000000000213e+00,-4.345037467529858759e+02
2.250000000000000000e+00,-3.910174354767125351e+02
2.260000000000000231e+00,-3.414269201446340389e+02
2.270000000000000018e+00,-2.900115637400197670e+02
2.280000000000000249e+00,-2.407950033262229681e+02
2.290000000000000036e+00,-1.972969687831689782e+02
2.300000000000000266e+00,-1.623292004663507271e+02
2.310000000000000053e+00,-1.378473177771786311e+02
2.319999999999999840e+00,-1.248663314924347105e+02
2.330000000000000071e+00,-1.234429299150156965e+02
2.339999999999999858e+00,-1.327230306343713551e+02
2.350000000000000089e+00,-1.510487010836068578e+02
2.359999999999999876e+00,-1.761147112112699631e+02
2.370000000000000107e+00,-2.051619427276521606e+02
2.379999999999999893e+00,-2.351928302162079660e+02
2.390000000000000124e+00,-2.631930631767689306e+02
2.399999999999999911e+00,-2.863439665318015841e+02
2.410000000000000142e+00,-3.022112504542316742e+02
2.419999999999999929e+00,-3.088980529989452748e+02
2.430000000000000160e+00,-3.051532007774927706e+02
2.439999999999999947e+00,-2.904291445564446690e+02
2.450000000000000178e+00,-2.648878184825289850e+02
2.459999999999999964e+00,-2.293564438103347243e+02
2.470000000000000195e+00,-1.852387810562033224e+02
2.479999999999999982e+00,-1.343902884621843725e+02
2.490000000000000213e+00,-7.896787554084122007e+01
2.500000000000000000e+00,-2.126631292762860070e+01
2.510000000000000231e+00,3.644619491867915428e+01
2.520000000000000018e+00,9.208124858648680799e+01
2.530000000000000249e+00,1.438616175805102557e+02
2.540000000000000036e+00,1.904221111681388834e+02
2.550000000000000266e+00,2.308739587524333388e+02
2.560000000000000053e+00,2.648296628884686470e+02
2.569999999999999840e+00,2.923883587115042815e+02
2.580000000000000071e+00,3.140846639046674227e+02
2.589999999999999858e+00,3.308066195027803360e+02
2.600000000000000089e+00,3.436904216144909583e+02
2.609999999999999876e+00,3.540010895027485844e+02
2.620000000000000107e+00,3.630089213226335687e+02
2.629999999999999893e+00,3.718715277359529523e+02
2.640000000000000124e+00,3.815304360660308589e+02
2.649999999999999911e+00,3.926298079714238725e+02
2.660000000000000142e+00,4.054628421539534884e+02
2.669999999999999929e+00,4.199491056651083341e+02
2.680000000000000160e+00,4.356435398339945095e+02
2.689999999999999947e+00,4.517754136583875493e+02
2.700000000000000178e+00,4.673132350075454724e+02
2.709999999999999964e+00,4.810497431957119261e+02
2.720000000000000195e+00,4.916997273665825219e+02
2.729999999999999982e+00,4.980026336492176711e+02
2.740000000000000213e+00,4.988217825886801506e+02
2.750000000000000000e+00,4.932325098293205201e+02
2.760000000000000231e+00,4.805926127174876683e+02
2.770000000000000018e+00,4.605900364006453742e+02
2.780000000000000249e+00,4.332646342327489037e+02
2.790000000000000036e+00,3.990029347360292604e+02
2.800000000000000266e+00,3.585069758425857458e+02
2.810000000000000053e+00,3.127402630991349497e+02
2.819999999999999840e+00,2.628556223065762651e+02
2.830000000000000071e+00,2.101110238474736036e+02
2.839999999999999858e+00,1.557802645414808467e+02
2.850000000000000089e+00,1.010656518344054717e+02
2.859999999999999876e+00,4.701953580905102115e+01
2.870000000000000107e+00,-5.519289246114837511e+00
2.879999999999999893e+00,-5.596956722404614482e+01
2.890000000000000124e+00,-1.040288210484324338e+02
2.899999999999999911e+00,-1.496705632425478711e+02
2.910000000000000142e+00,-1.931180959939437116e+02
2.919999999999999929e+00,-2.347973538481271021e+02
2.930000000000000160e+00,-2.752728615646659591e+02
2.939999999999999947e+00,-3.151721647126277048e+02
2.950000000000000178e+00,-3.551049479705470731e+02
2.959999999999999964e+00,-3.955834261662973290e+02
2.970000000000000195e+00,-4.369504537440733429e+02
2.979999999999999982e+00,-4.793211661110673845e+02
2.990000000000000213e+00,-5.225428945525625295e+02
3.000000000000000000e+00,-5.661766707849865270e+02
3.010000000000000231e+00,-6.095019689072579467e+02
3.020000000000000018e+00,-6.515445495596324008e+02
3.030000000000000249e+00,-6.911255087107215331e+02
3.040000000000000036e+00,-7.269280239092851161e+02
3.050000000000000266e+00,-7.575769535771331675e+02
3.060000000000000053e+00,-7.817254780796064324e+02
3.070000000000000284e+00,-7.981424445520713107e+02
3.080000000000000071e+00,-8.057940271632924123e+02
3.089999999999999858e+00,-8.039137414061541449e+02
3.100000000000000089e+00,-7.920557205153110090e+02
3.109999999999999876e+00,-7.701274071169665376e+02
3.120000000000000107e+00,-7.383993393158783647e+02
3.129999999999999893e+00,-6.974914030524204236e+02
3.140000000000000124e+00,-6.483366555215803828e+02
3.149999999999999911e+00,-5.921254692161307958e+02
3.160000000000000142e+00,-5.302341812932608036e+02
3.169999999999999929e+00,-4.641435529181762831e+02
3.180000000000000160e+00,-3.953530659630253012e+02
3.189999999999999947e+00,-3.252973572608410677e+02
3.200000000000000178e+00,-2.552708939459952262e+02
3.209999999999999964e+00,-1.863663420811628271e+02
3.220000000000000195e+00,-1.194310228551902924e+02
3.229999999999999982e+00,-5.504446393654734493e+01
3.240000000000000213e+00,6.481560050430459796e+00
3.250000000000000000e+00,6.508082591830635977e+01
3.260000000000000231e+00,1.208903307243380567e+02
3.270000000000000018e+00,1.741914218828837022e+02
3.280000000000000249e+00,2.253392787836290267e+02
3.290000000000000036e+00,2.746865778948304069e+02
3.300000000000000266e+00,3.225076854436429130e+02
3.310000000000000053e+00,3.689297627140218765e+02
3.320000000000000284e+00,4.138767310365914227e+02
3.330000000000000071e+00,4.570311534031645806e+02
3.339999999999999858e+00,4.978178068695712568e+02
3.350000000000000089e+00,5.354111328702106221e+02
3.359999999999999876e+00,5.687669723829843633e+02
3.370000000000000107e+00,5.966771457761028614e+02
3.379999999999999893e+00,6.178436556793184309e+02
3.390000000000000124e+00,6.309677049286866577e+02
3.399999999999999911e+00,6.348474480022338184e+02
3.410000000000000142e+00,6.284775303724870810e+02
3.419999999999999929e+00,6.111430853138609791e+02
3.430000000000000160e+00,5.825009886860108281e+02
3.439999999999999947e+00,5.426418201762088529e+02
3.450000000000000178e+00,4.921271093480413015e+02
3.459999999999999964e+00,4.319979873212124630e+02
3.470000000000000195e+00,3.637532208520348149e+02
3.479999999999999982e+00,2.892966524581532894e+02
3.490000000000000213e+00,2.108561702515855245e+02
3.500000000000000000e+00,1.308783405784126330e+02
3.510000000000000231e+00,5.190461553896502522e+01
3.520000000000000018e+00,-2.356355036832486860e+01
3.530000000000000249e+00,-9.320237884497718994e+01
3.540000000000000036e+00,-1.549975195526462244e+02
3.550000000000000266e+00,-2.073613003523626048e+02
3.560000000000000053e+00,-2.492276230709187530e+02
3.570000000000000284e+00,-2.801179094691011073e+02
3.580000000000000071e+00,-3.001732203534610903e+02
3.589999999999999858e+00,-3.101497422742389745e+02
3.600000000000000089e+00,-3.113771283391297402e+02
3.609999999999999876e+00,-3.056815431697947929e+02
3.620000000000000107e+00,-2.952775411661166913e+02
3.629999999999999893e+00,-2.826349501502902513e+02
3.640000000000000124e+00,-2.703286014933109982e+02
3.649999999999999911e+00,-2.608799290189606950e+02
3.660000000000000142e+00,-2.566000699841519577e+02
3.669999999999999929e+00,-2.594440973443943221e+02
3.680000000000000160e+00,-2.708853891912068548e+02
3.689999999999999947e+00,-2.918179358827384249e+02
3.700000000000000178e+00,-3.224926742256096190e+02
3.709999999999999964e+00,-3.624918314511179460e+02
3.720000000000000195e+00,-4.107428967824992014e+02
3.729999999999999982e+00,-4.655713698043794011e+02
3.740000000000000213e+00,-5.247890244359616645e+02
3.750000000000000000e+00,-5.858122330325336407e+02
3.760000000000000231e+00,-6.458030603476372562e+02
3.770000000000000018e+00,-7.018244807614809133e+02
3.780000000000000249e+00,-7.510002808338798559e+02
3.790000000000000036e+00,-7.906700310619564789e+02
3.800000000000000266e+00,-8.185299523812240068e+02
3.810000000000000053e+00,-8.327515292722404183e+02
3.820000000000000284e+00,-8.320712579169654646e+02
3.830000000000000071e+00,-8.158468563715521213e+02
3.839999999999999858e+00,-7.840774696454255945e+02
3.850000000000000089e+00,-7.373877246259613685e+02
3.859999999999999876e+00,-6.769777705819881248e+02
3.870000000000000107e+00,-6.045435280251240329e+02
3.879999999999999893e+00,-5.221731249906015364e+02
3.890000000000000124e+00,-4.322268132009642727e+02
3.899999999999999911e+00,-3.372084474609167728e+02
3.910000000000000142e+00,-2.396368380551361952e+02
3.919999999999999929e+00,-1.419249461039157723e+02
3.930000000000000160e+00,-4.627402373236146360e+01
3.939999999999999947e+00,4.541152105043118326e+01
3.950000000000000178e+00,1.315844256774632584e+02
3.959999999999999964e+00,2.110878235505995804e+02
3.970000000000000195e+00,2.831611995252512202e+02
3.979999999999999982e+00,3.474207163531464744e+02
3.990000000000000213e+00,4.038172904551782949e+02
4.000000000000000000e+00,4.525771921395119648e+02
4.009999999999999787e+00,4.941309346585550202e+02
4.020000000000000462e+00,5.290367386944656118e+02
4.030000000000000249e+00,5.579048904037422290e+02
4.040000000000000036e+00,5.813288655957826450e+02
4.049999999999999822e+00,5.998282189598292007e+02
4.060000000000000497e+00,6.138070155805972945e+02
4.070000000000000284e+00,6.235301168735883266e+02
4.080000000000000071e+00,6.291180452210563772e+02
4.089999999999999858e+00,6.305595683323542744e+02
4.099999999999999645e+00,6.277396898045783473e+02
4.110000000000000320e+00,6.204795179405364252e+02
4.120000000000000107e+00,6.085836009263950928e+02
4.129999999999999893e+00,5.918898255665791339e+02
4.139999999999999680e+00,5.703169093062443835e+02
4.150000000000000355e+00,5.439048675180894179e+02
4.160000000000000142e+00,5.128445729039361822e+02
4.169999999999999929e+00,4.774935742403690142e+02
4.179999999999999716e+00,4.383766160568069381e+02
4.190000000000000391e+00,3.961706907263595099e+02
4.200000000000000178e+00,3.516758432477999463e+02
4.209999999999999964e+00,3.057742212105640647e+02
4.219999999999999751e+00,2.593809128774610144e+02
4.230000000000000426e+00,2.133908584169931828e+02
4.240000000000000213e+00,1.686264919179951960e+02
4.250000000000000000e+00,1.257907439837782562e+02
4.259999999999999787e+00,8.542960811296056534e+01
4.270000000000000462e+00,4.790768287264083369e+01
4.280000000000000249e+00,1.339900996244151266e+01
4.290000000000000036e+00,-1.810577571178855294e+01
4.299999999999999822e+00,-4.677637750122502780e+01
4.310000000000000497e+00,-7.290564314740255725e+01
4.320000000000000284e+00,-9.686131221378585110e+01
4.330000000000000071e+00,-1.190308117735425100e+02
4.339999999999999858e+00,-1.397639248690544207e+02
4.350000000000000533e+00,-1.593184861281586109e+02
4.360000000000000320e+00,-1.778141662302922441e+02
4.370000000000000107e+00,-1.951988899044290804e+02
4.379999999999999893e+00,-2.112315227089624443e+02
4.389999999999999680e+00,-2.254832235086252012e+02
4.400000000000000355e+00,-2.373583829792972324e+02
4.410000000000000142e+00,-2.461344648300214430e+02
4.419999999999999929e+00,-2.510184592268127801e+02
4.429999999999999716e+00,-2.512161736682060393e+02
4.440000000000000391e+00,-2.460093452632544597e+02
4.450000000000000178e+00,-2.348346641611151142e+02
4.459999999999999964e+00,-2.173583309627162237e+02
4.469999999999999751e+00,-1.935397810211214562e+02
4.480000000000000426e+00,-1.636787105234517696e+02
4.490000000000000213e+00,-1.284405114538105579e+02
4.500000000000000000e+00,-8.885660753260893330e+01
4.509999999999999787e+00,-4.629789134497062264e+01
4.520000000000000462e+00,-2.421378122986631354e+00
4.530000000000000249e+00,4.090782033947874652e+01
4.540000000000000036e+00,8.171518074575047308e+01
4.549999999999999822e+00,1.180303867635541479e+02
4.560000000000000497e+00,1.480087940429154969e+02
4.570000000000000284e+00,1.700527464991889701e+02
4.580000000000000071e+00,1.829243730452802197e+02
4.589999999999999858e+00,1.858416955533234045e+02
4.600000000000000533e+00,1.785506620476368482e+02
4.610000000000000320e+00,1.613670475534324282e+02
4.620000000000000107e+00,1.351839629664522420e+02
4.629999999999999893e+00,1.014428692718686733e+02
4.639999999999999680e+00,6.206837207389722266e+01
4.650000000000000355e+00,1.936951251325765355e+01
4.660000000000000142e+00,-2.408739028622374079e+01
4.669999999999999929e+00,-6.562721571212767913e+01
4.679999999999999716e+00,-1.026270463158379300e+02
4.690000000000000391e+00,-1.326797855333040275e+02
4.700000000000000178e+00,-1.537499762112986161e+02
4.709999999999999964e+00,-1.643115873630235910e+02
4.719999999999999751e+00,-1.634583981960608696e+02
4.730000000000000426e+00,-1.509791112044150339e+02
4.740000000000000213e+00,-1.273913851887708546e+02
4.750000000000000000e+00,-9.393147055034449977e+01
4.759999999999999787e+00,-5.249889769591960942e+01
4.770000000000000462e+00,-5.558537896563352732e+00
4.780000000000000249e+00,4.399486263003250031e+01
4.790000000000000036e+00,9.300206510157828177e+01
4.799999999999999822e+00,1.382249591495273080e+02
4.810000000000000497e+00,1.765412627226168638e+02
4.820000000000000284e+00,2.051363525850939311e+02
4.830000000000000071e+00,2.216802448314853677e+02
4.839999999999999858e+00,2.244784832490260271e+02
4.850000000000000533e+00,2.125871659684181907e+02
4.860000000000000320e+00,1.858844621959153471e+02
4.870000000000000107e+00,1.450936114738538834e+02
4.879999999999999893e+00,9.175539248457920394e+01
4.889999999999999680e+00,2.815120611899368797e+01
4.900000000000000355e+00,-4.281896538697667154e+01
4.910000000000000142e+00,-1.177965883076084026e+02
4.919999999999999929e+00,-1.931530214627306918e+02
4.929999999999999716e+00,-2.651949555577617161e+02
4.940000000000000391e+00,-3.303743053472830411e+02
4.950000000000000178e+00,-3.854896870679891094e+02
4.959999999999999964e+00,-4.278671129179138575e+02
4.969999999999999751e+00,-4.555088296024578085e+02
4.980000000000000426e+00,-4.672012377621364863e+02
4.990000000000000213e+00,-4.625754242956043072e+02
5.000000000000000000e+00,-4.421168516254627434e+02
5.009999999999999787e+00,-4.071239799325870194e+02
5.020000000000000462e+00,-3.596188381983415070e+02
5.030000000000000249e+00,-3.022155944394499443e+02
5.040000000000000036e+00,-2.379558050769152828e+02
5.049999999999999822e+00,-1.701210751516250639e+02
5.060000000000000497e+00,-1.020352009797210826e+02
5.070000000000000284e+00,-3.686840858298358370e+01
5.080000000000000071e+00,2.254398763595080979e+01
5.089999999999999858e+00,7.385727742723173606e+01
5.100000000000000533e+00,1.153379949123088863e+02
5.110000000000000320e+00,1.459425300774728953e+02
5.120000000000000107e+00,1.653495970496209679e+02
5.129999999999999893e+00,1.739455453619096090e+02
5.139999999999999680e+00,1.727646287078545129e+02
5.150000000000000355e+00,1.633892897941514661e+02
5.160000000000000142e+00,1.478180821178595465e+02
5.169999999999999929e+00,1.283108597689495696e+02
5.179999999999999716e+00,1.072221939816831906e+02
5.190000000000000391e+00,8.683453761392092929e+01
5.200000000000000178e+00,6.920242716018331919e+01
5.209999999999999964e+00,5.601801274734179259e+01
5.219999999999999751e+00,4.850651931966640973e+01
5.230000000000000426e+00,4.735799345119692561e+01
5.240000000000000213e+00,5.269904425341803744e+01
5.250000000000000000e+00,6.410543384717412607e+01
5.259999999999999787e+00,8.065351518082826487e+01
5.270000000000000462e+00,1.010058526617684009e+02
5.280000000000000249e+00,1.235240777296528591e+02
5.290000000000000036e+00,1.464002814036827544e+02
5.299999999999999822e+00,1.677971432473918014e+02
5.310000000000000497e+00,1.859866076863805517e+02
5.320000000000000284e+00,1.994772588891140970e+02
5.330000000000000071e+00,2.071215769199143324e+02
5.339999999999999858e+00,2.081958941704634469e+02
5.350000000000000533e+00,2.024479837803380349e+02
5.360000000000000320e+00,1.901096403803522890e+02
5.370000000000000107e+00,1.718741775395974685e+02
5.379999999999999893e+00,1.488412786626628588e+02
5.389999999999999680e+00,1.224339187601982815e+02
5.400000000000000355e+00,9.429396360060667348e+01
5.410000000000000142e+00,6.616442179593258288e+01
5.419999999999999929e+00,3.976708626867953456e+01
5.429999999999999716e+00,1.668441228803386878e+01
5.440000000000000391e+00,-1.746053746328485090e+00
5.450000000000000178e+00,-1.451750388500962430e+01
5.459999999999999964e+00,-2.101438350787578457e+01
5.469999999999999751e+00,-2.104400061877174721e+01
5.480000000000000426e+00,-1.483783092227591993e+01
5.490000000000000213e+00,-3.023355851563314545e+00
5.500000000000000000e+00,1.343061602316752357e+01
5.509999999999999787e+00,3.329035636348852734e+01
5.520000000000000462e+00,5.514913311344422908e+01
5.530000000000000249e+00,7.752748416224355310e+01
5.540000000000000036e+00,9.897432424113634397e+01
5.549999999999999822e+00,1.181615582701152505e+02
5.560000000000000497e+00,1.339656128443461114e+02
5.570000000000000284e+00,1.455305068005327200e+02
5.580000000000000071e+00,1.523086577911137454e+02
5.589999999999999858e+00,1.540774351534275297e+02
5.600000000000000533e+00,1.509313757685648056e+02
5.610000000000000320e+00,1.432518310888384860e+02
5.620000000000000107e+00,1.316574698231497962e+02
5.629999999999999893e+00,1.169403999376783929e+02
5.639999999999999680e+00,9.999360092703325620e+01
5.650000000000000355e+00,8.173581194938165595e+01
5.660000000000000142e+00,6.303998051445874751e+01
5.669999999999999929e+00,4.467085596701423356e+01
5.679999999999999716e+00,2.723636487648929716e+01
5.690000000000000391e+00,1.115611651006505944e+01
5.700000000000000178e+00,-3.351134462098009692e+00
5.709999999999999964e+00,-1.626086845789104274e+01
5.719999999999999751e+00,-2.771842787926959772e+01
5.730000000000000426e+00,-3.799974476466206141e+01
5.740000000000000213e+00,-4.746121048813451893e+01
5.750000000000000000e+00,-5.648356173328272689e+01
5.759999999999999787e+00,-6.541507546218159064e+01
5.770000000000000462e+00,-7.451934276095975918e+01
5.780000000000000249e+00,-8.393243548668172593e+01
5.790000000000000036e+00,-9.363343268421603227e+01
5.799999999999999822e+00,-1.034311080216806431e+02
5.810000000000000497e+00,-1.129681913125731967e+02
5.820000000000000284e+00,-1.217431191188129844e+02
5.830000000000000071e+00,-1.291477013602857653e+02
5.839999999999999858e+00,-1.345177706666490565e+02
5.850000000000000533e+00,-1.371927556865157101e+02
5.860000000000000320e+00,-1.365793163511725936e+02
5.870000000000000107e+00,-1.322137601618069311e+02
5.879999999999999893e+00,-1.238179558309667243e+02
5.889999999999999680e+00,-1.113438737868723223e+02
5.900000000000000355e+00,-9.500268007740486098e+01
5.910000000000000142e+00,-7.527543001292566771e+01
5.919999999999999929e+00,-5.290376530483051454e+01
5.929999999999999716e+00,-2.886051091680693759e+01
5.940000000000000391e+00,-4.301583234905629993e+00
5.950000000000000178e+00,1.949795369995420913e+01
5.959999999999999964e+00,4.121961809079277828e+01
5.969999999999999751e+00,5.958401833444283824e+01
5.980000000000000426e+00,7.343454454457402392e+01
5.990000000000000213e+00,8.181646128966225717e+01
6.000000000000000000e+00,8.404584321686984083e+01
6.009999999999999787e+00,7.976341469682004970e+01
6.020000000000000462e+00,6.896932475293365883e+01
6.030000000000000249e+00,5.203613986317454021e+01
6.040000000000000036e+00,2.969878089647968267e+01
6.049999999999999822e+00,3.021664870907104117e+00
6.060000000000000497e+00,-2.665516954311240383e+01
6.070000000000000284e+00,-5.778777642537063031e+01
6.080000000000000071e+00,-8.871349891566956103e+01
6.089999999999999858e+00,-1.177444023616367730e+02
6.100000000000000533e+00,-1.432631641586478963e+02
6.110000000000000320e+00,-1.638154894712434668e+02
6.120000000000000107e+00,-1.781933614256973044e+02
6.129999999999999893e+00,-1.855040428552422043e+02
6.140000000000000568e+00,-1.852206786603054525e+02
6.150000000000000355e+00,-1.772115367387225433e+02
6.160000000000000142e+00,-1.617462887115368062e+02
6.169999999999999929e+00,-1.394791768155709235e+02
6.179999999999999716e+00,-1.114103443953750912e+02
6.190000000000000391e+00,-7.882793156145908142e+01
6.200000000000000178e+00,-4.323467123454053507e+01
6.209999999999999964e+00,-6.263595063051678125e+00
6.219999999999999751e+00,3.041197646400311783e+01
6.230000000000000426e+00,6.516875837545636330e+01
6.240000000000000213e+00,9.651885500957580177e+01
6.250000000000000000e+00,1.231853007144393359e+02
6.259999999999999787e+00,1.441636758418288764e+02
6.270000000000000462e+00,1.587666503381919370e+02
6.280000000000000249e+00,1.666494354478845992e+02
6.290000000000000036e+00,1.678153394787850061e+02
6.299999999999999822e+00,1.626018461710482939e+02
6.310000000000000497e+00,1.516487862515996312e+02
6.320000000000000284e+00,1.358511839141534949e+02
6.330000000000000071e+00,1.163001716006468058e+02
6.339999999999999858e+00,9.421593502958529598e+01
6.350000000000000533e+00,7.087694972993546116e+01
6.360000000000000320e+00,4.754979259308488793e+01
6.370000000000000107e+00,2.542356751432230411e+01
6.379999999999999893e+00,5.552500183902456143e+00
6.390000000000000568e+00,-1.119042505957117051e+01
6.400000000000000355e+00,-2.414674123100485303e+01
6.410000000000000142e+00,-3.289155639413992560e+01
6.419999999999999929e+00,-3.723819935377694179e+01
6.429999999999999716e+00,-3.722915936724110253e+01
6.440000000000000391e+00,-3.311483178243873482e+01
6.450000000000000178e+00,-2.532224612238924522e+01
6.459999999999999964e+00,-1.441644041935850851e+01
6.469999999999999751e+00,-1.057432755554140735e+00
6.480000000000000426e+00,1.404418062480072571e+01
6.490000000000000213e+00,3.017009607904218171e+01
6.500000000000000000e+00,4.663304698249083202e+01
6.509999999999999787e+00,6.280929033941880846e+01
6.520000000000000462e+00,7.816328333079654556e+01
6.530000000000000249e+00,9.226364722091746273e+01
6.540000000000000036e+00,1.047901885201439569e+02
6.549999999999999822e+00,1.155323954461513409e+02
6.560000000000000497e+00,1.243804080983867948e+02
6.570000000000000284e+00,1.313099363633307917e+02
6.580000000000000071e+00,1.363629420889933783e+02
6.589999999999999858e+00,1.396260934597522407e+02
6.600000000000000533e+00,1.412090328361477418e+02
6.610000000000000320e+00,1.412243788654171794e+02
6.620000000000000107e+00,1.397711242185969809e+02
6.629999999999999893e+00,1.369227158622421427e+02
6.640000000000000568e+00,1.327206465987023023e+02
6.650000000000000355e+00,1.271738809149571381e+02
6.660000000000000142e+00,1.202639235000070954e+02
6.669999999999999929e+00,1.119548532906549099e+02
6.679999999999999716e+00,1.022072247791816295e+02
6.690000000000000391e+00,9.099441144078056709e+01
6.700000000000000178e+00,7.831975613438051198e+01
6.709999999999999964e+00,6.423281414673077450e+01
6.719999999999999751e+00,4.884303065504663266e+01
6.730000000000000426e+00,3.232938060355611753e+01
6.740000000000000213e+00,1.494480099108447035e+01
6.750000000000000000e+00,-2.985359052632216237e+00
6.759999999999999787e+00,-2.107118512489502749e+01
6.770000000000000462e+00,-3.887216493974338505e+01
6.780000000000000249e+00,-5.591661291972147296e+01
6.790000000000000036e+00,-7.172544106714042300e+01
6.799999999999999822e+00,-8.583878939439615863e+01
6.810000000000000497e+00,-9.784375278342086801e+01
6.820000000000000284e+00,-1.074012849872048605e+02
6.830000000000000071e+00,-1.142703373067704433e+02
6.839999999999999858e+00,-1.183274029922823303e+02
6.850000000000000533e+00,-1.195798830608947725e+02
6.860000000000000320e+00,-1.181720504822281157e+02
6.870000000000000107e+00,-1.143828450149347731e+02
6.879999999999999893e+00,-1.086152512680157542e+02
6.890000000000000568e+00,-1.013775639977775711e+02
6.900000000000000355e+00,-9.325739092586164247e+01
6.910000000000000142e+00,-8.488974803328463281e+01
6.919999999999999929e+00,-7.692103116179558242e+01
6.929999999999999716e+00,-6.997097115614700158e+01
6.940000000000000391e+00,-6.459487451251557388e+01
6.950000000000000178e+00,-6.124850241670898043e+01
6.959999999999999964e+00,-6.025784213693989244e+01
6.969999999999999751e+00,-6.179577955943915413e+01
6.980000000000000426e+00,-6.586730327800569285e+01
6.990000000000000213e+00,-7.230438087053407514e+01
7.000000000000000000e+00,-8.077107605928460998e+01
7.009999999999999787e+00,-9.077885625582787554e+01
7.020000000000000462e+00,-1.017114119266397267e+02
7.030000000000000249e+00,-1.128577117565299517e+02
7.040000000000000036e+00,-1.234514887945983901e+02
7.049999999999999822e+00,-1.327149268520678618e+02
7.060000000000000497e+00,-1.399040215304380581e+02
7.070000000000000284e+00,-1.443529466226716522e+02
7.080000000000000071e+00,-1.455147751961883102e+02
7.089999999999999858e+00,-1.429960863014780443e+02
7.100000000000000533e+00,-1.365833235794747509e+02
7.110000000000000320e+00,-1.262592419324929125e+02
7.120000000000000107e+00,-1.122083550972334507e+02
7.129999999999999893e+00,-9.481094565503617844e+01
7.140000000000000568e+00,-7.462588012640287616e+01
7.150000000000000355e+00,-5.236314332796778359e+01
7.160000000000000142e+00,-2.884762637383522232e+01
7.169999999999999929e+00,-4.976232732307248163e+00
7.179999999999999716e+00,1.832922685529388218e+01
7.190000000000000391e+00,4.017062292119336320e+01
7.200000000000000178e+00,5.972076090034487095e+01
7.209999999999999964e+00,7.626656312791891423e+01
7.219999999999999751e+00,8.924569188310232448e+01
7.230000000000000426e+00,9.827452796272544333e+01
7.240000000000000213e+00,1.031659484313155559e+02
7.250000000000000000e+00,1.039359704646707740e+02
7.259999999999999787e+00,1.007990062335591404e+02
7.270000000000000462e+00,9.415216362767336022e+01
7.280000000000000249e+00,8.454968554386832125e+01
7.290000000000000036e+00,7.266920472952122623e+01
7.299999999999999822e+00,5.927196481630012670e+01
7.310000000000000497e+00,4.515949144189058018e+01
7.320000000000000284e+00,3.112936966961309793e+01
7.330000000000000071e+00,1.793278529335317373e+01
7.339999999999999858e+00,6.236319350568527931e+00
7.350000000000000533e+00,-3.409840226174821964e+00
7.360000000000000320e+00,-1.059556548266380283e+01
7.370000000000000107e+00,-1.506519148613177528e+01
7.379999999999999893e+00,-1.672213898211088079e+01
7.390000000000000568e+00,-1.562388701721159379e+01
7.400000000000000355e+00,-1.196804995961016438e+01
7.410000000000000142e+00,-6.070872455895077735e+00
7.419999999999999929e+00,1.660087437804585786e+00
7.429999999999999716e+00,1.075699253622932083e+01
7.440000000000000391e+00,2.072421282855644264e+01
7.450000000000000178e+00,3.106999041829939756e+01
7.459999999999999964e+00,4.133516284843425126e+01
7.469999999999999751e+00,5.111712548396216249e+01
7.480000000000000426e+00,6.008763841510764792e+01
7.490000000000000213e+00,6.800359920870067754e+01
7.500000000000000000e+00,7.471047045762691141e+01
7.509999999999999787e+00,8.013862747005697429e+01
7.520000000000000462e+00,8.429343308266292922e+01
7.530000000000000249e+00,8.724031263987221507e+01
7.540000000000000036e+00,8.908645755349876083e+01
7.549999999999999822e+00,8.996100383953276491e+01
7.560000000000000497e+00,8.999559638476206658e+01
7.570000000000000284e+00,8.930715597366015857e+01
7.580000000000000071e+00,8.798442209206154985e+01
7.589999999999999858e+00,8.607946978321604092e+01
7.600000000000000533e+00,8.360492335072201797e+01
7.610000000000000320e+00,8.053705172397434353e+01
7.620000000000000107e+00,7.682437349134676197e+01
7.629999999999999893e+00,7.240086975788432255e+01
7.640000000000000568e+00,6.720244449545128873e+01
7.650000000000000355e+00,6.118492443731502561e+01
7.660000000000000142e+00,5.434168526580984349e+01
7.669999999999999929e+00,4.671894857593161277e+01
7.679999999999999716e+00,3.842692299951401935e+01
7.690000000000000391e+00,2.964525752195493524e+01
7.700000000000000178e+00,2.062171650319443472e+01
7.709999999999999964e+00,1.166354292471746490e+01
7.719999999999999751e+00,3.121607319179010354e+00
7.730000000000000426e+00,-4.631904272337306949e+00
7.740000000000000213e+00,-1.123088187423447160e+01
7.750000000000000000e+00,-1.634583346949640514e+01
7.759999999999999787e+00,-1.971522877936766349e+01
7.770000000000000462e+00,-2.117504585003347017e+01
7.780000000000000249e+00,-2.068386772370058324e+01
7.790000000000000036e+00,-1.834103405238743179e+01
7.799999999999999822e+00,-1.439571970512990795e+01
7.810000000000000497e+00,-9.245371304743077445e+00
7.820000000000000284e+00,-3.422649730244279986e+00
7.830000000000000071e+00,2.429145155777624687e+00
7.839999999999999858e+00,7.591309612710902321e+00
7.850000000000000533e+00,1.131390217207216153e+01
7.860000000000000320e+00,1.286631839005082512e+01
7.870000000000000107e+00,1.159109882747919507e+01
7.879999999999999893e+00,6.957338528475746742e+00
7.890000000000000568e+00,-1.390149762932295197e+00
7.900000000000000355e+00,-1.358971419090861232e+01
7.910000000000000142e+00,-2.953324980363216312e+01
7.919999999999999929e+00,-4.885096041719463500e+01
7.930000000000000604e+00,-7.091253053785581528e+01
7.940000000000000391e+00,-9.484571900421831003e+01
7.950000000000000178e+00,-1.195722393356702327e+02
7.959999999999999964e+00,-1.438595966576276055e+02
7.969999999999999751e+00,-1.663863896476026980e+02
7.980000000000000426e+00,-1.858175411307944103e+02
7.990000000000000213e+00,-2.008850705773280367e+02
8.000000000000000000e+00,-2.104694328507600005e+02
