energy_eV,Re_epsilon,Im_epsilon
1.000000000000000021e-02,-1.216908248805990667e+02,1.105711671480324298e+02
2.000000000000000042e-02,-1.228127355640748988e+02,4.986546916001318408e+01
2.999999999999999889e-02,-1.245731408740922888e+02,2.663955628659727992e+01
4.000000000000000083e-02,-1.268137860917389048e+02,1.216813378506426169e+01
5.000000000000000278e-02,-1.293246298547776689e+02,5.694265171046262175e-01
5.999999999999999778e-02,-1.318546467309244008e+02,-1.018500123296647075e+01
7.000000000000000666e-02,-1.341247413966017916e+02,-2.097660858917316418e+01
8.000000000000000167e-02,-1.358421163208547000e+02,-3.221350923368540009e+01
8.999999999999999667e-02,-1.367153645903453878e+02,-4.405501764658729513e+01
1.000000000000000056e-01,-1.364695279626211288e+02,-5.650385809172338725e+01
1.100000000000000006e-01,-1.348603687556938553e+02,-6.945229677284690695e+01
1.199999999999999956e-01,-1.316871518983532212e+02,-8.271071346247147460e+01
1.300000000000000044e-01,-1.268033173463982450e+02,-9.602926315221061770e+01
1.400000000000000133e-01,-1.201245381229629601e+02,-1.091168257853043144e+02
1.499999999999999944e-01,-1.116337988212115704e+02,-1.216588164963438459e+02
1.600000000000000033e-01,-1.013832856171473225e+02,-1.333342618380561362e+02
1.700000000000000122e-01,-8.949304299634268034e+01,-1.438320043485703650e+02
1.799999999999999933e-01,-7.614651553955965824e+01,-1.528656532756230035e+02
1.900000000000000022e-01,-6.158324651220335255e+01,-1.601868145321170402e+02
2.000000000000000111e-01,-4.608914066154363098e+01,-1.655961426595924877e+02
2.099999999999999922e-01,-2.998480970944193658e+01,-1.689518269684740801e+02
2.200000000000000011e-01,-1.361260023067076297e+01,-1.701752316636486171e+02
2.300000000000000100e-01,2.677048585705561479e+00,-1.692535402717697934e+02
2.399999999999999911e-01,1.853925694872883412e+01,-1.662393956980480993e+02
2.500000000000000000e-01,3.364772760835764132e+01,-1.612476682004873396e+02
2.600000000000000089e-01,4.770655541233287522e+01,-1.544496153609229339e+02
2.700000000000000178e-01,6.046032068489429179e+01,-1.460648130674298670e+02
2.800000000000000266e-01,7.170206869973578989e+01,-1.363513284765073763e+02
2.899999999999999800e-01,8.127889860170812142e+01,-1.255946704849628617e+02
2.999999999999999889e-01,8.909501525389549670e+01,-1.140960878228430744e+02
3.099999999999999978e-01,9.511222925312171128e+01,-1.021607887478181738e+02
3.200000000000000067e-01,9.934801658785458756e+01,-9.008663054270027715e+01
3.300000000000000155e-01,1.018713635492898675e+02,-7.815377430122279634e+01
3.400000000000000244e-01,1.027967189648499300e+02,-6.661572495168370267e+01
3.500000000000000333e-01,1.022764502746096582e+02,-5.569208333457002880e+01
3.599999999999999867e-01,1.004922495366643602e+02,-4.556323238475449955e+01
3.699999999999999956e-01,9.764595879853092697e+01,-3.636706939719801568e+01
3.800000000000000044e-01,9.395028163214982442e+01,-2.819778727485772052e+01
3.900000000000000133e-01,8.961982068534469192e+01,-2.110660546963010020e+01
4.000000000000000222e-01,8.486283282513122117e+01,-1.510426120960645946e+01
4.100000000000000311e-01,7.987402785367821423e+01,-1.016499774714396054e+01
4.199999999999999845e-01,7.482865863022090025e+01,-6.231731768469615851e+00
4.299999999999999933e-01,6.987806491977235623e+01,-3.222048489909660862e+00
4.400000000000000022e-01,6.514674569071695487e+01,-1.034660722732893223e+00
4.500000000000000111e-01,6.073094994737140695e+01,4.440235500807676039e-01
4.600000000000000200e-01,5.669869904211954292e+01,1.333553775847096334e+00
4.700000000000000289e-01,5.309108754018396326e+01,1.753595971580953483e+00
4.799999999999999822e-01,4.992465794987045768e+01,1.818830499287154678e+00
4.899999999999999911e-01,4.719460878089430622e+01,1.634758457002897680e+00
5.000000000000000000e-01,4.487857617253389719e+01,1.294520911613572078e+00
5.100000000000000089e-01,4.294072641526509670e+01,8.767699181777095507e-01
5.200000000000000178e-01,4.133590879869033330e+01,4.445692101311572442e-01
5.300000000000000266e-01,4.001364328081837130e+01,4.524878990578277277e-02
5.400000000000000355e-01,3.892175280674860716e+01,-2.889061330823832763e-01
5.500000000000000444e-01,3.800949263356413610e+01,-5.392836687559066089e-01
5.600000000000000533e-01,3.723007549985143783e+01,-6.990629843725446602e-01
5.700000000000000622e-01,3.654253872054411545e+01,-7.710006477891666599e-01
5.799999999999999600e-01,3.591294434758876974e+01,-7.650611197468969449e-01
5.899999999999999689e-01,3.531494388663360695e+01,-6.960530298864268106e-01
5.999999999999999778e-01,3.472977271315917136e+01,-5.814108341017494297e-01
6.099999999999999867e-01,3.414576492277781483e+01,-4.392335416505186996e-01
6.199999999999999956e-01,3.355749616711064931e+01,-2.866608231949395735e-01
6.300000000000000044e-01,3.296466999422503363e+01,-1.386343463214460558e-01
6.400000000000000133e-01,3.237086283877257387e+01,-7.060835535029542920e-03
6.500000000000000222e-01,3.178223509117018963e+01,9.963498550787708297e-02
6.600000000000000311e-01,3.120630199307836961e+01,1.766032490015983503e-01
6.700000000000000400e-01,3.065084007929983301e+01,2.223615816995630767e-01
6.800000000000000488e-01,3.012298424566339961e+01,2.383537480227163885e-01
6.900000000000000577e-01,2.962854898059405429e+01,2.283466093878045444e-01
7.000000000000000666e-01,2.917158643165393883e+01,1.977380163694529569e-01
7.099999999999999645e-01,2.875417513393107782e+01,1.528434819781795684e-01
7.199999999999999734e-01,2.837641745209136701e+01,1.002206238160599228e-01
7.299999999999999822e-01,2.803661178968024714e+01,4.607856014228958741e-02
7.399999999999999911e-01,2.773155775342951657e+01,-4.194081555103527925e-03
7.500000000000000000e-01,2.745694874514082429e+01,-4.636294285164525852e-02
7.600000000000000089e-01,2.720780660764673797e+01,-7.753740531731437291e-02
7.700000000000000178e-01,2.697891644844056458e+01,-9.622170646778929748e-02
7.800000000000000266e-01,2.676522590168715965e+01,-1.022435521853410079e-01
7.900000000000000355e-01,2.656218105899813153e+01,-9.658338552595381599e-02
8.000000000000000444e-01,2.636598026207667189e+01,-8.113199450508915000e-02
8.100000000000000533e-01,2.617373610098202619e+01,-5.840591524048462796e-02
8.200000000000000622e-01,2.598354458560385183e+01,-3.124934926653710060e-02
8.300000000000000711e-01,2.579446797316379758e+01,-2.548460127966301839e-03
8.399999999999999689e-01,2.560644371951796572e+01,2.502055245187159715e-02
8.499999999999999778e-01,2.542013622683160179e+01,4.919372362739263260e-02
8.599999999999999867e-01,2.523675040360650357e+01,6.826207317492351268e-02
8.699999999999999956e-01,2.505782660668995376e+01,8.115094109771214814e-02
8.800000000000000044e-01,2.488503549756055122e+01,8.743750015069126635e-02
8.900000000000000133e-01,2.471998901045380492e+01,8.731267627572168732e-02
9.000000000000000222e-01,2.456408035064352546e+01,8.149726253052713698e-02
9.100000000000000311e-01,2.441836209417823866e+01,7.112435593248073173e-02
9.200000000000000400e-01,2.428346741373493956e+01,5.760136387134311142e-02
9.300000000000000488e-01,2.415957554129927942e+01,4.246479689014795444e-02
9.400000000000000577e-01,2.404641907305867576e+01,2.724004281297708746e-02
9.500000000000000666e-01,2.394332783175286039e+01,1.331651124492314563e-02
9.599999999999999645e-01,2.384930185835606054e+01,1.846184258629448649e-03
9.699999999999999734e-01,2.376310476624103174e+01,-6.329047829114952013e-03
9.799999999999999822e-01,2.368336814795053158e+01,-1.071861641553394952e-02
9.899999999999999911e-01,2.360869791268552120e+01,-1.119302069575390211e-02
1.000000000000000000e+00,2.353777424474641577e+01,-7.964345059792954720e-03
1.010000000000000009e+00,2.346943817494450357e+01,-1.541692451131428544e-03
1.020000000000000018e+00,2.340275940035085966e+01,7.332922829353869833e-03
1.030000000000000027e+00,2.333708182343537629e+01,1.776180363374720711e-02
1.040000000000000036e+00,2.327204516937997525e+01,2.877514266236556179e-02
1.050000000000000044e+00,2.320758285613579730e+01,3.941428617053425315e-02
1.060000000000000053e+00,2.314389793256152572e+01,4.880858202949945462e-02
1.070000000000000062e+00,2.308142028572964577e+01,5.624059940668901109e-02
1.080000000000000071e+00,2.302074939247091478e+01,6.119566425661101400e-02
1.090000000000000080e+00,2.296258761774508272e+01,6.339298656630942830e-02
1.100000000000000089e+00,2.290766942885247559e+01,6.279707414746689420e-02
1.110000000000000098e+00,2.285669190303650922e+01,5.960954950134377678e-02
1.120000000000000107e+00,2.281025157560213756e+01,5.424283240191183492e-02
1.130000000000000115e+00,2.276879203912817928e+01,4.727835022107594598e-02
1.140000000000000124e+00,2.273256580698768303e+01,3.941292838251041902e-02
1.150000000000000133e+00,2.270161285266897977e+01,3.139774284081769951e-02
1.159999999999999920e+00,2.267575699656947563e+01,2.397464558510632032e-02
1.169999999999999929e+00,2.265462000829095501e+01,1.781477768456622701e-02
1.179999999999999938e+00,2.263765200485973850e+01,1.346415372932682243e-02
1.189999999999999947e+00,2.262417553584049301e+01,1.130034661692207697e-02
1.199999999999999956e+00,2.261343973514528116e+01,1.150355235078903172e-02
1.209999999999999964e+00,2.260468015957006216e+01,1.404422092996729723e-02
1.219999999999999973e+00,2.259717948630094142e+01,1.868817070566110988e-02
1.229999999999999982e+00,2.259032414834264912e+01,2.501874523875506975e-02
1.239999999999999991e+00,2.258365226755309507e+01,3.247422087598174356e-02
1.250000000000000000e+00,2.257688889250957942e+01,4.039743253786785837e-02
1.260000000000000009e+00,2.256996552692527658e+01,4.809355495677446884e-02
1.270000000000000018e+00,2.256302217963420276e+01,5.489124666025156640e-02
1.280000000000000027e+00,2.255639158977986725e+01,6.020200531665455962e-02
1.290000000000000036e+00,2.255056677148423461e+01,6.357264017931403555e-02
1.300000000000000044e+00,2.254615445973866272e+01,6.472625253747064933e-02
1.310000000000000053e+00,2.254381830014160215e+01,6.358800485993353069e-02
1.320000000000000062e+00,2.254421659456728833e+01,6.029319413869584088e-02
1.330000000000000071e+00,2.254793999739867161e+01,5.517663204504326402e-02
1.340000000000000080e+00,2.255545468632681860e+01,4.874395418623830162e-02
1.350000000000000089e+00,2.256705617861663882e+01,4.162709555178353144e-02
1.360000000000000098e+00,2.258283814071347706e+01,3.452763551599111191e-02
1.370000000000000107e+00,2.260267930168782868e+01,2.815289651727571549e-02
1.380000000000000115e+00,2.262625002507436989e+01,2.315045843866333011e-02
1.390000000000000124e+00,2.265303834836446839e+01,2.004704003599190251e-02
1.400000000000000133e+00,2.268239351702461093e+01,1.919745494924087956e-02
1.409999999999999920e+00,2.271358338262597698e+01,2.074857570106968321e-02
1.419999999999999929e+00,2.274586065983833194e+01,2.462198678648799474e-02
1.429999999999999938e+00,2.277853208213343450e+01,3.051737633513943934e-02
1.439999999999999947e+00,2.281102406476453481e+01,3.793684317276636853e-02
1.449999999999999956e+00,2.284293863459144447e+01,4.622834877563242184e-02
1.459999999999999964e+00,2.287409412571201983e+01,5.464470142196754116e-02
1.469999999999999973e+00,2.290454641845072814e+01,6.241289954009551777e-02
1.479999999999999982e+00,2.293458821497522493e+01,6.880753952888583880e-02
1.489999999999999991e+00,2.296472585037363245e+01,7.322143107353236424e-02
1.500000000000000000e+00,2.299563525320753854e+01,7.522663232717559378e-02
1.510000000000000009e+00,2.302810069720851160e+01,7.461983286073213539e-02
1.520000000000000018e+00,2.306294173007555059e+01,7.144732746644109900e-02
1.530000000000000027e+00,2.310093495058377755e+01,6.600663326562043742e-02
1.540000000000000036e+00,2.314273799353300376e+01,5.882394968036268323e-02
1.550000000000000044e+00,2.318882308795161151e+01,5.060895145771469178e-02
1.560000000000000053e+00,2.323942685444107070e+01,4.219062440606732162e-02
1.570000000000000062e+00,2.329452164655802804e+01,3.443978662439260707e-02
1.580000000000000071e+00,2.335381182770655073e+01,2.818538978063666114e-02
1.590000000000000080e+00,2.341675607500661727e+01,2.413251012658620270e-02
1.600000000000000089e+00,2.348261432367302248e+01,2.279001816886191967e-02
1.610000000000000098e+00,2.355051554238973921e+01,2.441522753979204902e-02
1.620000000000000107e+00,2.361954039732238186e+01,2.898140883451238298e-02
1.630000000000000115e+00,2.368881123498914576e+01,3.617202562686873402e-02
1.640000000000000124e+00,2.375758086585994278e+01,4.540308313872769286e-02
1.650000000000000133e+00,2.382531147519967973e+01,5.587229884909521160e-02
1.660000000000000142e+00,2.389173566650440961e+01,6.663116059197418672e-02
1.669999999999999929e+00,2.395689311794004439e+01,7.667358810010205250e-02
1.679999999999999938e+00,2.402113848738443380e+01,8.503309538046614768e-02
1.689999999999999947e+00,2.408511885134445052e+01,9.087925729559530319e-02
1.699999999999999956e+00,2.414972186755966987e+01,9.360404433790406320e-02
1.709999999999999964e+00,2.421599873824079907e+01,9.288925676587522773e-02
1.719999999999999973e+00,2.428506864085651884e+01,8.874782920034438027e-02
1.729999999999999982e+00,2.435801332563328714e+01,8.153407027205661350e-02
1.739999999999999991e+00,2.443577183788419305e+01,7.192075303444853129e-02
1.750000000000000000e+00,2.451904566060104784e+01,6.084412421523621023e-02
1.760000000000000009e+00,2.460822392387067836e+01,4.942105977002995976e-02
1.770000000000000018e+00,2.470333672087814136e+01,3.884545562104367578e-02
1.780000000000000027e+00,2.480404212705464673e+01,3.027321908086007263e-02
1.790000000000000036e+00,2.490964944557552840e+01,2.470667777987382852e-02
1.800000000000000044e+00,2.501917777301036949e+01,2.288967944851642150e-02
1.810000000000000053e+00,2.513144551143313876e+01,2.522403786069145337e-02
1.820000000000000062e+00,2.524518328057929040e+01,3.171630826257068603e-02
1.830000000000000071e+00,2.535916012208969761e+01,4.196127225436069308e-02
1.840000000000000080e+00,2.547231120661614057e+01,5.516519366544109237e-02
1.850000000000000089e+00,2.558385464801574471e+01,7.020816610793648160e-02
1.860000000000000098e+00,2.569338559561993307e+01,8.574105333518090843e-02
1.870000000000000107e+00,2.580093750558074817e+01,1.003089891008307200e-01
1.880000000000000115e+00,2.590700326399035447e+01,1.124905039112317623e-01
1.890000000000000124e+00,2.601251242230847538e+01,1.210393842653008367e-01
1.900000000000000133e+00,2.611876489781928967e+01,1.250155700017281657e-01
1.910000000000000142e+00,2.622732571678247737e+01,1.238918793766821680e-01
1.919999999999999929e+00,2.633988933727181703e+01,1.176251241734927178e-01
1.929999999999999938e+00,2.645812539397222096e+01,1.066831209901086819e-01
1.939999999999999947e+00,2.658352001696880151e+01,9.202298673398062734e-02
1.949999999999999956e+00,2.671722793028251886e+01,7.502059521548921917e-02
1.959999999999999964e+00,2.685995018152278746e+01,5.735576607254534720e-02
1.969999999999999973e+00,2.701185056634225745e+01,4.086222021368333956e-02
1.979999999999999982e+00,2.717252069922845337e+01,2.735513492798028953e-02
1.989999999999999991e+00,2.734099948337106056e+01,1.845187908667767634e-02
2.000000000000000000e+00,2.751584779645984469e+01,1.540289962650761083e-02
2.010000000000000231e+00,2.769527396936060981e+01,1.894957442909565165e-02
2.020000000000000018e+00,2.787730057023003738e+01,2.922409015188675435e-02
2.030000000000000249e+00,2.805995860115052309e+01,4.570313993956611615e-02
2.040000000000000036e+00,2.824149191039800044e+01,6.722270293092269533e-02
2.049999999999999822e+00,2.842055278034479215e+01,9.205573085644759568e-02
2.060000000000000053e+00,2.859636950833936098e+01,1.180486921716796256e-01
2.069999999999999840e+00,2.876886844868316118e+01,1.428071373729495608e-01
2.080000000000000071e+00,2.893873635984923709e+01,1.639152918848216511e-01
2.089999999999999858e+00,2.910741377256321627e+01,1.791706630689453850e-01
2.100000000000000089e+00,2.927701608405687139e+01,1.868121921049933354e-01
2.109999999999999876e+00,2.945018569505121064e+01,1.857198929649089836e-01
2.120000000000000107e+00,2.962988516262635486e+01,1.755653466192182433e-01
2.129999999999999893e+00,2.981914743684692937e+01,1.568958301532621946e-01
2.140000000000000124e+00,3.002080419677489331e+01,1.311400478110365253e-01
2.149999999999999911e+00,3.023721659273352103e+01,1.005300142050033624e-01
2.160000000000000142e+00,3.047003395101237189e+01,6.794109542168480509e-02
2.169999999999999929e+00,3.072000498313985517e+01,3.665991434220834677e-02
2.180000000000000160e+00,3.098686273368169353e+01,1.009709226210809066e-02
2.189999999999999947e+00,3.126929906955211536e+01,-8.532045372187673296e-03
2.200000000000000178e+00,3.156503732749935409e+01,-1.653123675296135422e-02
2.209999999999999964e+00,3.187100333524972129e+01,-1.202174024896049236e-02
2.220000000000000195e+00,3.218358608038649038e+01,5.813992763767985086e-03
2.229999999999999982e+00,3.249897057613546281e+01,3.656993544467233848e-02
2.240000000000000213e+00,3.281351774260001264e+01,7.855638564459849205e-02
2.250000000000000000e+00,3.312416011907559010e+01,1.288554077341120818e-01
2.260000000000000231e+00,3.342877857275095721e+01,1.834956607856358390e-01
2.270000000000000018e+00,3.372652432989097804e+01,2.377400719683629982e-01
2.280000000000000249e+00,3.401805287340516770e+01,2.864692874728181349e-01
2.290000000000000036e+00,3.430564152824342727e+01,3.246340544302196429e-01
2.300000000000000266e+00,3.459317064098365790e+01,3.477415316552235902e-01
2.310000000000000053e+00,3.488595865330577084e+01,3.523347849005465937e-01
2.319999999999999840e+00,3.519045335389581908e+01,3.364220303437849835e-01
2.330000000000000071e+00,3.551379428220947432e+01,2.998129725230093690e-01
2.339999999999999858e+00,3.586327365516476817e+01,2.443240076138031569e-01
2.350000000000000089e+00,3.624573426492305828e+01,1.738220152324441714e-01
2.359999999999999876e+00,3.666695156843896797e+01,9.408754041640313148e-02
2.370000000000000107e+00,3.713105279760382871e+01,1.249170122201651717e-02
2.379999999999999893e+00,3.764002769933399861e+01,-6.250375489872467272e-02
2.390000000000000124e+00,3.819338306139311356e+01,-1.219982551346672911e-01
2.399999999999999911e+00,3.878798638542065191e+01,-1.574162008731457285e-01
2.410000000000000142e+00,3.941813314898984544e+01,-1.613299070076659181e-01
2.419999999999999929e+00,4.007585759024831873e+01,-1.282788357581109984e-01
2.430000000000000160e+00,4.075148968548663930e+01,-5.551625292910290776e-02
2.439999999999999947e+00,4.143444205566935779e+01,5.638690270218689460e-02
2.450000000000000178e+00,4.211419120017218631e+01,2.031473642550811198e-01
2.459999999999999964e+00,4.278139908425974625e+01,3.766415343006978000e-01
2.470000000000000195e+00,4.342910508095942390e+01,5.650876531138301351e-01
2.479999999999999982e+00,4.405390588218183723e+01,7.535634400048237813e-01
2.490000000000000213e+00,4.465703336400028434e+01,9.248629685481868368e-01
2.500000000000000000e+00,4.524523837029646245e+01,1.060672920054388957e+00
2.510000000000000231e+00,4.583139248944504374e+01,1.143024129168160874e+00
2.520000000000000018e+00,4.643473028158249605e+01,1.155951073617815350e+00
2.530000000000000249e+00,4.708067080410651073e+01,1.087271272138139455e+00
2.540000000000000036e+00,4.780017900860172375e+01,9.303799646839361337e-01
2.550000000000000266e+00,4.862865359107424723e+01,6.859442987485925292e-01
2.560000000000000053e+00,4.960435678737555065e+01,3.633766003649019916e-01
2.569999999999999840e+00,5.076643177912719551e+01,-1.803112123070959444e-02
2.580000000000000071e+00,5.215258301000069707e+01,-4.284192037751921034e-01
2.589999999999999858e+00,5.379652194582983782e+01,-8.272092240701097721e-01
2.600000000000000089e+00,5.572530383460053116e+01,-1.163555890799946368e+00
2.609999999999999876e+00,5.795669818768302406e+01,-1.377438194593650911e+00
2.620000000000000107e+00,6.049674563539017669e+01,-1.401391943849366495e+00
2.629999999999999893e+00,6.333765549475155865e+01,-1.162849214920103957e+00
2.640000000000000124e+00,6.645619125016332873e+01,-5.870131810701282316e-01
2.649999999999999911e+00,6.981267510321529812e+01,3.998386106222323599e-01
2.660000000000000142e+00,7.335071822698984079e+01,1.866761032042721924e+00
2.669999999999999929e+00,7.699775130492743358e+01,3.874422510649514262e+00
2.680000000000000160e+00,8.066639176675690237e+01,6.471442927707141912e+00
2.689999999999999947e+00,8.425664169356073785e+01,9.690979795829090193e+00
2.700000000000000178e+00,8.765886582095673418e+01,1.354775330732986660e+01
2.709999999999999964e+00,9.075745481470910647e+01,1.803568943403329428e+01
2.720000000000000195e+00,9.343503751273659930e+01,2.312633847754330674e+01
2.729999999999999982e+00,9.557706956516977925e+01,2.876819502127083794e+01
2.740000000000000213e+00,9.707659712132728203e+01,3.488700540334640010e+01
2.750000000000000000e+00,9.783897485244057179e+01,4.138710242429021946e+01
2.760000000000000231e+00,9.778630916267607631e+01,4.815375628716013523e+01
2.770000000000000018e+00,9.686140088263930181e+01,5.505647834585379030e+01
2.780000000000000249e+00,9.503097738797366389e+01,6.195316292502399591e+01
2.790000000000000036e+00,9.228803159778783538e+01,6.869490514857561436e+01
2.800000000000000266e+00,8.865312365779202253e+01,7.513129214853366022e+01
2.810000000000000053e+00,8.417454862081628164e+01,8.111593373440258858e+01
2.819999999999999840e+00,7.892732783444510858e+01,8.651197867873263192e+01
2.830000000000000071e+00,7.301104027943267738e+01,9.119735575359638347e+01
2.839999999999999858e+00,6.654656967378377885e+01,9.506948540063639541e+01
2.850000000000000089e+00,5.967190048319137219e+01,9.804922854924231501e+01
2.859999999999999876e+00,5.253714777560799121e+01,1.000838729382104617e+02
2.870000000000000107e+00,4.529904903377625658e+01,1.011490028857171097e+02
2.879999999999999893e+00,3.811517788296368536e+01,1.012491535969472523e+02
2.890000000000000124e+00,3.113815804685301813e+01,1.004172129692653499e+02
2.899999999999999911e+00,2.451015926549960966e+01,9.871259912774155509e+01
2.910000000000000142e+00,1.835794477170738759e+01,9.621830695833750724e+01
2.919999999999999929e+00,1.278871249711875180e+01,9.303697794908762830e+01
2.930000000000000160e+00,7.886930651940451398e+00,8.928620105741073587e+01
2.939999999999999947e+00,3.712314756835897178e+00,8.509329478467087426e+01
2.950000000000000178e+00,2.990304537356082148e-01,8.058984939632276223e+01
2.959999999999999964e+00,-2.343862020914083466e+00,7.590632125518476414e+01
2.970000000000000195e+00,-4.230776004616311425e+00,7.116696740507994434e+01
2.979999999999999982e+00,-5.396901283444500486e+00,6.648538771451124774e+01
2.990000000000000213e+00,-5.894624925149057226e+00,6.196090496536697145e+01
3.000000000000000000e+00,-5.789304080253192986e+00,5.767596216859768532e+01
3.010000000000000231e+00,-5.154661768008089950e+00,5.369465395909152505e+01
3.020000000000000018e+00,-4.068097369555069065e+00,5.006243880195344786e+01
3.030000000000000249e+00,-2.606206356558506076e+00,4.680700514816795987e+01
3.040000000000000036e+00,-8.407881794395644093e-01,4.394019215509926823e+01
3.050000000000000266e+00,1.164412131014229024e+00,4.146079873134292626e+01
3.060000000000000053e+00,3.356032438943931773e+00,3.935805782605962122e+01
3.070000000000000284e+00,5.692358303482314419e+00,3.761550987655689227e+01
3.080000000000000071e+00,8.143462148529993172e+00,3.621498317440691750e+01
3.089999999999999858e+00,1.069023151517264125e+01,3.514038161327540877e+01
3.100000000000000089e+00,1.332237775753764453e+01,3.438099266851700975e+01
3.109999999999999876e+00,1.603558816616718730e+01,3.393406009442598048e+01
3.120000000000000107e+00,1.882804630951475389e+01,3.380641500674621369e+01
3.129999999999999893e+00,2.169659311564507576e+01,3.401502285337120668e+01
3.140000000000000124e+00,2.463283144324498153e+01,3.458637834427722169e+01
3.149999999999999911e+00,2.761948726096363416e+01,3.555476099724172911e+01
3.160000000000000142e+00,3.062732997338023821e+01,3.695944534243627544e+01
3.169999999999999929e+00,3.361292316850094153e+01,3.884103663421629449e+01
3.180000000000000160e+00,3.651742675859203757e+01,4.123716994864028607e+01
3.189999999999999947e+00,3.926660508218655110e+01,4.417786314580995111e+01
3.200000000000000178e+00,4.177211709676240048e+01,4.768084855381074760e+01
3.209999999999999964e+00,4.393407926456429635e+01,5.174722172520087327e+01
3.220000000000000195e+00,4.564480463022380974e+01,5.635773690006771375e+01
3.229999999999999982e+00,4.679353862833357169e+01,6.147004800124404511e+01
3.240000000000000213e+00,4.727193889149878459e+01,6.701714267254023127e+01
3.250000000000000000e+00,4.697998775926123471e+01,7.290714801977159709e+01
3.260000000000000231e+00,4.583198643170542397e+01,7.902460450568020178e+01
3.270000000000000018e+00,4.376226170694232565e+01,8.523321400996547936e+01
3.280000000000000249e+00,4.073022153648945931e+01,9.137997513949638062e+01
3.290000000000000036e+00,3.672442426148204930e+01,9.730052944877161281e+01
3.300000000000000266e+00,3.176537685683501167e+01,1.028254621397786224e+02
3.310000000000000053e+00,2.590684686101979040e+01,1.077872353405379044e+02
3.320000000000000284e+00,1.923555668965108367e+01,1.120273855958388509e+02
3.330000000000000071e+00,1.186922250846700244e+01,1.154035929207352353e+02
3.339999999999999858e+00,3.952996905866008159e+00,1.177962284214451785e+02
3.350000000000000089e+00,-4.345530881697537318e+00,1.191140112834853966e+02
3.359999999999999876e+00,-1.284253747666330447e+01,1.192984524969499915e+02
3.370000000000000107e+00,-2.134505893671827081e+01,1.183268291832648629e+02
3.379999999999999893e+00,-2.965861036177793508e+01,1.162135156591217537e+02
3.390000000000000124e+00,-3.759493504229322980e+01,1.130095902531152348e+02
3.399999999999999911e+00,-4.497947905981803274e+01,1.088007345345234000e+02
3.410000000000000142e+00,-5.165820387634289546e+01,1.037035378921877680e+02
3.419999999999999929e+00,-5.750338910526774328e+01,9.786040930890239053e+01
3.430000000000000160e+00,-6.241813767006070179e+01,9.143337422994157748e+01
3.439999999999999947e+00,-6.633937196230978373e+01,8.459709302350422888e+01
3.450000000000000178e+00,-6.923919743095223112e+01,7.753147525712186905e+01
3.459999999999999964e+00,-7.112460361985350232e+01,7.041427884433224449e+01
3.470000000000000195e+00,-7.203556608697728336e+01,6.341407453942813532e+01
3.479999999999999982e+00,-7.204170006514441127e+01,5.668392528869912894e+01
3.490000000000000213e+00,-7.123769284370651178e+01,5.035607902976089179e+01
3.500000000000000000e+00,-6.973780219286996385e+01,4.453790635406285503e+01
3.510000000000000231e+00,-6.766974937999138717e+01,3.930923566941730485e+01
3.520000000000000018e+00,-6.516835543337261072e+01,3.472115341373682185e+01
3.530000000000000249e+00,-6.236926772274135544e+01,3.079625103739368797e+01
3.540000000000000036e+00,-5.940310151354243118e+01,2.753021933225996420e+01
3.550000000000000266e+00,-5.639028012180539662e+01,2.489461920071319767e+01
3.560000000000000053e+00,-5.343680100775276287e+01,2.284060028299282052e+01
3.570000000000000284e+00,-5.063108784815685226e+01,2.130329808754349585e+01
3.580000000000000071e+00,-4.804201513835087667e+01,2.020661824674304441e+01
3.589999999999999858e+00,-4.571811723331529009e+01,1.946811377372107899e+01
3.600000000000000089e+00,-4.368792284694649908e+01,1.900367693343390130e+01
3.609999999999999876e+00,-4.196129332357732977e+01,1.873179955931794893e+01
3.620000000000000107e+00,-4.053159215046346020e+01,1.857720131635319305e+01
3.629999999999999893e+00,-3.937847688258909784e+01,1.847368072992161814e+01
3.640000000000000124e+00,-3.847108445621301342e+01,1.836610449166227355e+01
3.649999999999999911e+00,-3.777137713468415114e+01,1.821151219199802895e+01
3.660000000000000142e+00,-3.723742825168009318e+01,1.797937195821716827e+01
3.669999999999999929e+00,-3.682645262998231317e+01,1.765107370841142398e+01
3.680000000000000160e+00,-3.649742332337958572e+01,1.721878779490406330e+01
3.689999999999999947e+00,-3.621316078956117934e+01,1.668384554188114421e+01
3.700000000000000178e+00,-3.594182903341717150e+01,1.605481343590587073e+01
3.709999999999999964e+00,-3.565782188154432220e+01,1.534543441194161595e+01
3.720000000000000195e+00,-3.534206780026052286e+01,1.457259870309406047e+01
3.729999999999999982e+00,-3.498182046779051291e+01,1.375448488486146204e+01
3.740000000000000213e+00,-3.457003225686428038e+01,1.290898154092802486e+01
3.750000000000000000e+00,-3.410442730660285093e+01,1.205246437783298852e+01
3.760000000000000231e+00,-3.358639929710989946e+01,1.119896581066923780e+01
3.770000000000000018e+00,-3.301985662873723015e+01,1.035973718287081802e+01
3.780000000000000249e+00,-3.241012553146244812e+01,9.543170738653110163e+00
3.790000000000000036e+00,-3.176300147695986453e+01,8.755021611516859537e+00
3.800000000000000266e+00,-3.108401345259740367e+01,7.998851145202722890e+00
3.810000000000000053e+00,-3.037793681131857682e+01,7.276602784752667752e+00
3.820000000000000284e+00,-2.964856124577680418e+01,6.589220728950539119e+00
3.830000000000000071e+00,-2.889869351782832041e+01,5.937228917685231089e+00
3.839999999999999858e+00,-2.813035212667326590e+01,5.321202456397095659e+00
3.850000000000000089e+00,-2.734509482686348036e+01,4.742083434493088667e+00
3.859999999999999876e+00,-2.654441088449367570e+01,4.201316096013943735e+00
3.870000000000000107e+00,-2.573010856574132532e+01,3.700800131249837310e+00
3.879999999999999893e+00,-2.490463427124958073e+01,3.242683187572002357e+00
3.890000000000000124e+00,-2.407127200942446876e+01,2.829032498397657580e+00
3.899999999999999911e+00,-2.323418905850057925e+01,2.461439161150129173e+00
3.910000000000000142e+00,-2.239831383712679624e+01,2.140615952997371618e+00
3.919999999999999929e+00,-2.156905311683370385e+01,1.866050162985435357e+00
3.930000000000000160e+00,-2.075187567969781455e+01,1.635766880678369173e+00
3.939999999999999947e+00,-1.995180642851921249e+01,1.446246256289590360e+00
3.950000000000000178e+00,-1.917288720121145218e+01,1.292521697164332295e+00
3.959999999999999964e+00,-1.841766699203503066e+01,1.168466447941471920e+00
3.970000000000000195e+00,-1.768678435429770346e+01,1.067255415889804882e+00
3.979999999999999982e+00,-1.697869845489515228e+01,9.819694182059349741e-01
3.990000000000000213e+00,-1.628961315026632661e+01,9.062921109090728011e-01
4.000000000000000000e+00,-1.561362165278266900e+01,8.352373119230812604e-01
4.009999999999999787e+00,-1.494307936753587462e+01,7.658374573141524255e-01
4.020000000000000462e+00,-1.426919109187602075e+01,6.977232344410205789e-01
4.030000000000000249e+00,-1.358277789540834668e+01,6.335301702810962610e-01
4.040000000000000036e+00,-1.287517050482108338e+01,5.790797071674301799e-01
4.049999999999999822e+00,-1.213916157220078773e+01,5.432991391481453158e-01
4.060000000000000497e+00,-1.136994013196038900e+01,5.378653379543137936e-01
4.070000000000000284e+00,-1.056592872342763556e+01,5.765797742097700240e-01
4.080000000000000071e+00,-9.729447424733303151e+00,6.745050646833627983e-01
4.089999999999999858e+00,-8.867139211145881106e+00,8.469142556713892267e-01
4.099999999999999645e+00,-7.990106889224104947e+00,1.108121526066564222e+00
4.110000000000000320e+00,-7.113732170190838033e+00,1.470275479693428533e+00
4.120000000000000107e+00,-6.257170665338300353e+00,1.942202611498373699e+00
4.129999999999999893e+00,-5.442540905340498725e+00,2.528388276931704315e+00
4.139999999999999680e+00,-4.693849001389984288e+00,3.228175499797202974e+00
4.150000000000000355e+00,-4.035711433968753425e+00,4.035248686429456555e+00
4.160000000000000142e+00,-3.491955033642052619e+00,4.937450733351083976e+00
4.169999999999999929e+00,-3.084184198910982388e+00,5.916959497962301917e+00
4.179999999999999716e+00,-2.830409903836245800e+00,6.950824829594823839e+00
4.190000000000000391e+00,-2.743832707010265715e+00,8.011842186296334489e+00
4.200000000000000178e+00,-2.831862932702294167e+00,9.069715173087239179e+00
4.209999999999999964e+00,-3.095446113276053346e+00,1.009243889371780512e+01
4.219999999999999751e+00,-3.528741772384933917e+00,1.104782032044515461e+01
4.230000000000000426e+00,-4.119180169027821137e+00,1.190504209870985619e+01
4.240000000000000213e+00,-4.847896439758465625e+00,1.263617300927080400e+01
4.250000000000000000e+00,-5.690516511077442274e+00,1.321753190494619012e+01
4.259999999999999787e+00,-6.618246020803265850e+00,1.363082201143179795e+01
4.270000000000000462e+00,-7.599193937522509046e+00,1.386396824392221383e+01
4.280000000000000249e+00,-8.599847967513758462e+00,1.391161044486863396e+01
4.290000000000000036e+00,-9.586610171920266765e+00,1.377522867990913369e+01
4.299999999999999822e+00,-1.052729901558266690e+01,1.346290122910083475e+01
4.310000000000000497e+00,-1.139252838187010752e+01,1.298871990391281273e+01
4.320000000000000284e+00,-1.215688448575015990e+01,1.237190909989375953e+01
4.330000000000000071e+00,-1.279983723338987822e+01,1.163571304724027655e+01
4.339999999999999858e+00,-1.330634217921175377e+01,1.080612883597894758e+01
4.350000000000000533e+00,-1.366711132303218790e+01,9.910570144819910610e+00
4.360000000000000320e+00,-1.387855392375696617e+01,8.976547808107808279e+00
4.370000000000000107e+00,-1.394241061102227519e+01,8.030448487397688240e+00
4.379999999999999893e+00,-1.386512378120547773e+01,7.096482289661278031e+00
4.389999999999999680e+00,-1.365700321256410810e+01,6.195855104274127001e+00
4.400000000000000355e+00,-1.333125697864437775e+01,5.346202945072248802e+00
4.410000000000000142e+00,-1.290296341199547925e+01,4.561305130764823801e+00
4.419999999999999929e+00,-1.238805982406583261e+01,3.851072272799660912e+00
4.429999999999999716e+00,-1.180241810242358547e+01,3.221785309665414765e+00
4.440000000000000391e+00,-1.116106676776986539e+01,2.676544651115660312e+00
4.450000000000000178e+00,-1.047760451611116217e+01,2.215875068659170832e+00
4.459999999999999964e+00,-9.763832904336652518e+00,1.838423174122009618e+00
4.469999999999999751e+00,-9.029617045403249165e+00,1.541680683162149235e+00
4.480000000000000426e+00,-8.282964417191617912e+00,1.322668285889835760e+00
4.490000000000000213e+00,-7.530294572069042403e+00,1.178521567290364613e+00
4.500000000000000000e+00,-6.776857934057632704e+00,1.106931395501817628e+00
4.509999999999999787e+00,-6.027251025039968013e+00,1.106405576455385953e+00
4.520000000000000462e+00,-5.285969103267603941e+00,1.176335177562061629e+00
4.530000000000000249e+00,-4.557935707098959455e+00,1.316866430731134185e+00
4.540000000000000036e+00,-3.848951982876713807e+00,1.528596177484509600e+00
4.549999999999999822e+00,-3.166016582410716040e+00,1.812124120508151304e+00
4.560000000000000497e+00,-2.517478656934855952e+00,2.167507557651057848e+00
4.570000000000000284e+00,-1.913001092519557744e+00,2.593672894207317281e+00
4.580000000000000071e+00,-1.363327472191091072e+00,3.087842453567707590e+00
4.589999999999999858e+00,-8.798630500294519763e-01,3.645034667494564395e+00
4.600000000000000533e+00,-4.740960063016439463e-01,4.257690706821043669e+00
4.610000000000000320e+00,-1.568992237835666881e-01,4.915471428965484613e+00
4.620000000000000107e+00,6.223624782828152124e-02,5.605255887398961079e+00
4.629999999999999893e+00,1.759777855195427954e-01,6.311357529241919728e+00
4.639999999999999680e+00,1.798768496443472475e-01,7.015957728153552786e+00
4.650000000000000355e+00,7.298449959310604473e-02,7.699739672863756823e+00
4.660000000000000142e+00,-1.416962549443594455e-01,8.342690065901122054e+00
4.669999999999999929e+00,-4.569641739512759759e-01,8.925022701748744680e+00
4.679999999999999716e+00,-8.614091612846987989e-01,9.428167741275848002e+00
4.690000000000000391e+00,-1.339651292006746708e+00,9.835764101111841740e+00
4.700000000000000178e+00,-1.872826742759016838e+00,1.013459027613949814e+01
4.709999999999999964e+00,-2.439301125956002458e+00,1.031537125012822464e+01
4.719999999999999751e+00,-3.015575131403322118e+00,1.037340575507926665e+01
4.730000000000000426e+00,-3.577333993970698067e+00,1.030896855434919956e+01
4.740000000000000213e+00,-4.100582030352481588e+00,1.012745593392730470e+01
4.750000000000000000e+00,-4.562796997624350759e+00,9.839258275341085991e+00
4.759999999999999787e+00,-4.944036734112699172e+00,9.459360402567806858e+00
4.770000000000000462e+00,-5.227932576077805926e+00,9.006687232668548759e+00
4.780000000000000249e+00,-5.402510240273062259e+00,8.503228018833409507e+00
4.790000000000000036e+00,-5.460788789178805835e+00,7.972986145939412239e+00
4.799999999999999822e+00,-5.401121282080361574e+00,7.440812166284339391e+00
4.810000000000000497e+00,-5.227255903254818037e+00,6.931184896725087086e+00
4.820000000000000284e+00,-4.948112763960883065e+00,6.467008532068830640e+00
4.830000000000000071e+00,-4.577288154508118545e+00,6.068492722128437933e+00
4.839999999999999858e+00,-4.132313744052797055e+00,5.752177537546484309e+00
4.850000000000000533e+00,-3.633712134205671518e+00,5.530156590433841224e+00
4.860000000000000320e+00,-3.103901450610281998e+00,5.409539878595592377e+00
4.870000000000000107e+00,-2.566009672863611257e+00,5.392183960485343874e+00
4.879999999999999893e+00,-2.042663746806254732e+00,5.474701736146231568e+00
4.889999999999999680e+00,-1.554819023511037290e+00,5.648748360489312503e+00
4.900000000000000355e+00,-1.120691298130274127e+00,5.901564598905677528e+00
4.910000000000000142e+00,-7.548469804462389909e-01,6.216745137102897445e+00
4.919999999999999929e+00,-4.674972205792096158e-01,6.575187745295533404e+00
4.929999999999999716e+00,-2.640298029647398792e-01,6.956170378057124459e+00
4.940000000000000391e+00,-1.447990879363241223e-01,7.338497678814253078e+00
4.950000000000000178e+00,-1.051800611245850003e-01,7.701656155042901908e+00
4.959999999999999964e+00,-1.358784887337738390e-01,8.026918485887859944e+00
4.969999999999999751e+00,-2.234760652140284076e-01,8.298341804564776325e+00
4.980000000000000426e+00,-3.511779767031071309e-01,8.503611970755306615e+00
4.990000000000000213e+00,-4.997210523450519304e-01,8.634695275403537096e+00
5.000000000000000000e+00,-6.483940377594117344e-01,8.688270060603272782e+00
5.009999999999999787e+00,-7.761177246835857524e-01,8.665922692041542419e+00
5.020000000000000462e+00,-8.625317519670683275e-01,8.574104481967776081e+00
5.030000000000000249e+00,-8.890367282510853730e-01,8.423857852793448231e+00
5.040000000000000036e+00,-8.397446370048931019e-01,8.230330655467486878e+00
5.049999999999999822e+00,-7.022968683882939711e-01,8.012106619403144947e+00
5.060000000000000497e+00,-4.685171897167230703e-01,7.790387047735366721e+00
5.070000000000000284e+00,-1.348759769461258529e-01,7.588063860269559591e+00
5.080000000000000071e+00,2.972484683970109121e-01,7.428726847070752370e+00
5.089999999999999858e+00,8.215162267151411291e-01,7.335648583767187425e+00
5.100000000000000533e+00,1.426775444851065000e+00,7.330789049196671847e+00
5.110000000000000320e+00,2.097403093232052207e+00,7.433858845792953751e+00
5.120000000000000107e+00,2.813817629844741930e+00,7.661475388788214325e+00
5.129999999999999893e+00,3.553138929863809192e+00,8.026440874539387593e+00
5.139999999999999680e+00,4.289966836847513676e+00,8.537164641100549289e+00
5.150000000000000355e+00,4.997247151577945523e+00,9.197246056162942551e+00
5.160000000000000142e+00,5.647192707403160483e+00,1.000522762760823525e+01
5.169999999999999929e+00,6.212227234186680214e+00,1.095452189125605003e+01
5.179999999999999716e+00,6.665920794778577019e+00,1.203350998275942274e+01
5.190000000000000391e+00,6.983887479118369157e+00,1.322580477022929912e+01
5.200000000000000178e+00,7.144618556058762948e+00,1.451066706983307597e+01
5.209999999999999964e+00,7.130227227321941363e+00,1.586355979146225614e+01
5.219999999999999751e+00,6.927084351258156580e+00,1.725682182707901546e+01
5.230000000000000426e+00,6.526327897226857466e+00,1.866044103677836929e+01
5.240000000000000213e+00,5.924232388272272054e+00,2.004290373490886878e+01
5.250000000000000000e+00,5.122428162906322413e+00,2.137209656635414845e+01
5.259999999999999787e+00,4.127963938745511818e+00,2.261623554728225827e+01
5.270000000000000462e+00,2.953209911484701244e+00,2.374479631064804153e+01
5.280000000000000249e+00,1.615602495344891310e+00,2.472941926287317926e+01
5.290000000000000036e+00,1.372358172199813486e-01,2.554476347446156126e+01
5.299999999999999822e+00,-1.455690797094379985e+00,2.616928376893325492e+01
5.310000000000000497e+00,-3.133555908562106751e+00,2.658590673066509424e+01
5.320000000000000284e+00,-4.864112007127618931e+00,2.678258331235224077e+01
5.330000000000000071e+00,-6.613372866414301221e+00,2.675269846055050849e+01
5.339999999999999858e+00,-8.346566858706747638e+00,2.649532173532167789e+01
5.350000000000000533e+00,-1.002912768907654950e+01,2.601528727408931729e+01
5.360000000000000320e+00,-1.162769155049103631e+01,2.532309658082125381e+01
5.370000000000000107e+00,-1.311106818627892423e+01,2.443464338758498755e+01
5.379999999999999893e+00,-1.445115295965924673e+01,2.337076605134493335e+01
5.389999999999999680e+00,-1.562374791766219317e+01,2.215663937190556254e+01
5.400000000000000355e+00,-1.660926208486048949e+01,2.082102405803899359e+01
5.410000000000000142e+00,-1.739326484361821912e+01,1.939539800894084109e+01
5.419999999999999929e+00,-1.796687118211641376e+01,1.791299878859215156e+01
5.429999999999999716e+00,-1.832694366354360227e+01,1.640781083620210623e+01
5.440000000000000391e+00,-1.847610295156460936e+01,1.491353379869074836e+01
5.450000000000000178e+00,-1.842254630850739616e+01,1.346256967280568873e+01
5.459999999999999964e+00,-1.817968129806710209e+01,1.208506606550586504e+01
5.469999999999999751e+00,-1.776558957420671092e+01,1.080805077559003280e+01
5.480000000000000426e+00,-1.720234271419325722e+01,9.654689122491753039e+00
5.490000000000000213e+00,-1.651519816667281759e+01,8.643690157540463659e+00
5.500000000000000000e+00,-1.573170819104604945e+01,7.788881342565163735e+00
5.509999999999999787e+00,-1.488077788774092447e+01,7.098963806608161953e+00
5.520000000000000462e+00,-1.399170987604275496e+01,6.577452292041592763e+00
5.530000000000000249e+00,-1.309327278715291598e+01,6.222795811990963877e+00
5.540000000000000036e+00,-1.221282853696898663e+01,6.028667305920616393e+00
5.549999999999999822e+00,-1.137554946847863135e+01,5.984403623079622037e+00
5.560000000000000497e+00,-1.060375115268435309e+01,6.075571358656591592e+00
5.570000000000000284e+00,-9.916360240923888014e+00,6.284629714977318926e+00
5.580000000000000071e+00,-9.328529665502033552e+00,6.591658865394231626e+00
5.589999999999999858e+00,-8.851406121806315141e+00,6.975121359183787284e+00
5.600000000000000533e+00,-8.492047572855662807e+00,7.412624905600367242e+00
5.610000000000000320e+00,-8.253481912893537498e+00,7.881657286804110818e+00
5.620000000000000107e+00,-8.134892275240735771e+00,8.360267944502705717e+00
5.629999999999999893e+00,-8.131910060422397279e+00,8.827675652617141822e+00
5.639999999999999680e+00,-8.236993788327076516e+00,9.264787257512212548e+00
5.650000000000000355e+00,-8.439870431498942338e+00,9.654618336069505702e+00
5.660000000000000142e+00,-8.728015944557572681e+00,9.982612385955205170e+00
5.669999999999999929e+00,-9.087153141047773275e+00,1.023686044518110450e+01
5.679999999999999716e+00,-9.501747664918575254e+00,1.040822751726941853e+01
5.690000000000000391e+00,-9.955486267010877910e+00,1.049039560863984200e+01
5.700000000000000178e+00,-1.043172558606368128e+01,1.047983541385759665e+01
5.709999999999999964e+00,-1.091390378628860702e+01,1.037571966147959834e+01
5.719999999999999751e+00,-1.138591136468684439e+01,1.017979091023164528e+01
5.730000000000000426e+00,-1.183242089176915002e+01,9.896195309161004872e+00
5.740000000000000213e+00,-1.223917813013031441e+01,9.531291733810736133e+00
5.750000000000000000e+00,-1.259325870698826044e+01,9.093443070724065436e+00
5.759999999999999787e+00,-1.288329521231625563e+01,8.592793566636155234e+00
5.770000000000000462e+00,-1.309967926422805284e+01,8.041033415359883918e+00
5.780000000000000249e+00,-1.323474183341407340e+01,7.451149432428102237e+00
5.790000000000000036e+00,-1.328291313886444946e+01,6.837159025856650807e+00
5.799999999999999822e+00,-1.324086097543479568e+01,6.213823902922126940e+00
5.810000000000000497e+00,-1.310760371244468381e+01,5.596340164496656833e+00
5.820000000000000284e+00,-1.288459173252622136e+01,5.000002642874597392e+00
5.830000000000000071e+00,-1.257574907342086590e+01,4.439843453001598661e+00
5.839999999999999858e+00,-1.218746576838936058e+01,3.930247577934453673e+00
5.850000000000000533e+00,-1.172853106916124233e+01,3.484551648704018678e+00
5.860000000000000320e+00,-1.120999851504483580e+01,3.114635602004751203e+00
5.870000000000000107e+00,-1.064497572618607002e+01,2.830520270273783279e+00
5.879999999999999893e+00,-1.004833479248717509e+01,2.639986837603675252e+00
5.889999999999999680e+00,-9.436343049978209052e+00,2.548236165226833272e+00
5.900000000000000355e+00,-8.826218643826608812e+00,2.557606986025800389e+00
5.910000000000000142e+00,-8.235620261348650217e+00,2.667371695918711705e+00
5.919999999999999929e+00,-7.682085420679880983e+00,2.873626829149936057e+00
5.929999999999999716e+00,-7.182436340625555360e+00,3.169292294327549442e+00
5.940000000000000391e+00,-6.752176320726850811e+00,3.544229173377229980e+00
5.950000000000000178e+00,-6.404902389032130827e+00,3.985480551790125503e+00
5.959999999999999964e+00,-6.151761451309010198e+00,4.477633749301586086e+00
5.969999999999999751e+00,-6.000977106172361353e+00,5.003295818537203843e+00
5.980000000000000426e+00,-5.957472582878361678e+00,5.543667683404318147e+00
5.990000000000000213e+00,-6.022611929197410063e+00,6.079196224457844799e+00
6.000000000000000000e+00,-6.194076754211693903e+00,6.590278398071870214e+00
6.009999999999999787e+00,-6.465889748822592153e+00,7.057987471364388199e+00
6.020000000000000462e+00,-6.828589190587966762e+00,7.464788968697912530e+00
6.030000000000000249e+00,-7.269551086029826692e+00,7.795213171153021037e+00
6.040000000000000036e+00,-7.773447955540280674e+00,8.036452094210318364e+00
6.049999999999999822e+00,-8.322825983422667662e+00,8.178851782162077200e+00
6.060000000000000497e+00,-8.898775785360069079e+00,8.216275375144062920e+00
6.070000000000000284e+00,-9.481666792067207084e+00,8.146318490895554376e+00
6.080000000000000071e+00,-1.005191154601714310e+01,7.970365687398624388e+00
6.089999999999999858e+00,-1.059072430119622332e+01,7.693484728129284633e+00
6.100000000000000533e+00,-1.108083833908693805e+01,7.324163602762306269e+00
6.110000000000000320e+00,-1.150714838552618247e+01,6.873903285917521977e+00
6.120000000000000107e+00,-1.185724833201261674e+01,6.356686577326873255e+00
6.129999999999999893e+00,-1.212183991809454398e+01,5.788349629881676783e+00
6.140000000000000568e+00,-1.229499480617133322e+01,5.185887574359271390e+00
6.150000000000000355e+00,-1.237426018446034703e+01,4.566728716497980400e+00
6.160000000000000142e+00,-1.236060622138234955e+01,3.948012943806177955e+00
6.169999999999999929e+00,-1.225822189185431021e+01,3.345909181361260476e+00
6.179999999999999716e+00,-1.207417343234435592e+01,2.775004040703929142e+00
6.190000000000000391e+00,-1.181794651815044084e+01,2.247789389223062706e+00
6.200000000000000178e+00,-1.150089881269032510e+01,1.774270705244901158e+00
6.209999999999999964e+00,-1.113565351510871615e+01,1.361711135017285912e+00
6.219999999999999751e+00,-1.073546672794048717e+01,1.014518549996079377e+00
6.230000000000000426e+00,-1.031360178871823585e+01,7.342750674169054026e-01
6.240000000000000213e+00,-9.882742179042400821e+00,5.199009001832823884e-01
6.250000000000000000e+00,-9.454471372209271252e+00,3.679374768126061901e-01
6.259999999999999787e+00,-9.038843236226130173e+00,2.729289029038591274e-01
6.270000000000000462e+00,-8.644060686865740806e+00,2.278763353760314414e-01
6.280000000000000249e+00,-8.276273562155456176e+00,2.247369337945830936e-01
6.290000000000000036e+00,-7.939499580764778131e+00,2.549378631354208835e-01
6.299999999999999822e+00,-7.635665179970901661e+00,3.098763672595238883e-01
6.310000000000000497e+00,-7.364756418141439553e+00,3.813791257891649411e-01
6.320000000000000284e+00,-7.125064347088708061e+00,4.620977661056122621e-01
6.330000000000000071e+00,-6.913504625652741709e+00,5.458222610682209597e-01
6.339999999999999858e+00,-6.725987893640755111e+00,6.276996715366524038e-01
6.350000000000000533e+00,-6.557815700370751344e+00,7.043519180351446307e-01
6.360000000000000320e+00,-6.404076633125455942e+00,7.738925964987417583e-01
6.370000000000000107e+00,-6.260018669149499004e+00,8.358489034492838643e-01
6.379999999999999893e+00,-6.121376540252514431e+00,8.910001500079247627e-01
6.390000000000000568e+00,-5.984636831218111297e+00,9.411488161185251888e-01
6.400000000000000355e+00,-5.847228347357601663e+00,9.888433882490222926e-01
6.410000000000000142e+00,-5.707630653134602383e+00,1.037074178100715560e+00
6.419999999999999929e+00,-5.565399250133046039e+00,1.088963866690311644e+00
6.429999999999999716e+00,-5.421111275442580535e+00,1.147473677222988542e+00
6.440000000000000391e+00,-5.276240528823735509e+00,1.215143956606147047e+00
6.450000000000000178e+00,-5.132974788132639077e+00,1.293884720814927114e+00
6.459999999999999964e+00,-4.993991514944074339e+00,1.384827637922730448e+00
6.469999999999999751e+00,-4.862210024533075270e+00,1.488246274372528211e+00
6.480000000000000426e+00,-4.740538913640111041e+00,1.603546531009443221e+00
6.490000000000000213e+00,-4.631637004701644855e+00,1.729324367054663636e+00
6.500000000000000000e+00,-4.537704354689270581e+00,1.863483459283358901e+00
6.509999999999999787e+00,-4.460317140567325644e+00,2.003401643218010619e+00
6.520000000000000462e+00,-4.400316682234161725e+00,2.146132056356569340e+00
6.530000000000000249e+00,-4.357758753569482835e+00,2.288623011066131863e+00
6.540000000000000036e+00,-4.331924946630521411e+00,2.427939856763608351e+00
6.549999999999999822e+00,-4.321393485993644035e+00,2.561472462953891416e+00
6.560000000000000497e+00,-4.324162822920830429e+00,2.687113408940545511e+00
6.570000000000000284e+00,-4.337817828318224045e+00,2.803394377391678294e+00
6.580000000000000071e+00,-4.359725662469398522e+00,2.909571434590927819e+00
6.589999999999999858e+00,-4.387246586341848165e+00,3.005653612801451935e+00
6.600000000000000533e+00,-4.417944188414223206e+00,3.092373233538924904e+00
6.610000000000000320e+00,-4.449779759210270136e+00,3.171100456669106560e+00
6.620000000000000107e+00,-4.481276812185756242e+00,3.243708346542663268e+00
6.629999999999999893e+00,-4.511643920222385695e+00,3.312398072182598074e+00
6.640000000000000568e+00,-4.540846952727787489e+00,3.379496499702132173e+00
6.650000000000000355e+00,-4.569625256792165580e+00,3.447240235917593765e+00
6.660000000000000142e+00,-4.599450095058717380e+00,3.517561043750515815e+00
6.669999999999999929e+00,-4.632427486841159237e+00,3.591887435328048106e+00
6.679999999999999716e+00,-4.671151253162637573e+00,3.670976182863058490e+00
6.690000000000000391e+00,-4.718515313334330941e+00,3.754785554674280768e+00
6.700000000000000178e+00,-4.777496923670992324e+00,3.842399420574214908e+00
6.709999999999999964e+00,-4.850924433307703509e+00,3.932008156112483555e+00
6.719999999999999751e+00,-4.941244153765055103e+00,4.020948717681387841e+00
6.730000000000000426e+00,-5.050301049461045189e+00,4.105802585449301212e+00
6.740000000000000213e+00,-5.179147164401781467e+00,4.182546705634456963e+00
6.750000000000000000e+00,-5.327890069331608913e+00,4.246749322874173949e+00
6.759999999999999787e+00,-5.495591256671905178e+00,4.293799867631820533e+00
6.770000000000000462e+00,-5.680221481732765199e+00,4.319160007242182964e+00
6.780000000000000249e+00,-5.878676732590606413e+00,4.318621692818700453e+00
6.790000000000000036e+00,-6.086855010802454835e+00,4.288557598969719997e+00
6.799999999999999822e+00,-6.299790629564880007e+00,4.226149768735750101e+00
6.810000000000000497e+00,-6.511839486838470137e+00,4.129583501583050875e+00
6.820000000000000284e+00,-6.716905931404185459e+00,3.998195470540130358e+00
6.830000000000000071e+00,-6.908699563902594321e+00,3.832567598875385784e+00
6.839999999999999858e+00,-7.081008719728508538e+00,3.634561209503312185e+00
6.850000000000000533e+00,-7.227976540756991142e+00,3.407289203480578177e+00
6.860000000000000320e+00,-7.344365487482241051e+00,3.155027340000501113e+00
6.870000000000000107e+00,-7.425796856157806047e+00,2.883068893465555504e+00
6.879999999999999893e+00,-7.468953288179633887e+00,2.597529880108603528e+00
6.890000000000000568e+00,-7.471734294875750138e+00,2.305114525578722429e+00
6.900000000000000355e+00,-7.433357343035849496e+00,2.012852563677658413e+00
6.910000000000000142e+00,-7.354399905673401960e+00,1.727821227867800014e+00
6.919999999999999929e+00,-7.236780916439721878e+00,1.456865372564346783e+00
6.929999999999999716e+00,-7.083683109156417856e+00,1.206329031289479659e+00
6.940000000000000391e+00,-6.899420616273685525e+00,9.818109124435052681e-01
6.950000000000000178e+00,-6.689258796124828876e+00,7.879549145168673885e-01
6.959999999999999964e+00,-6.459195434505779154e+00,6.282848046180385948e-01
6.969999999999999751e+00,-6.215714124301914723e+00,5.050898641698342573e-01
6.980000000000000426e+00,-5.965521701452073167e+00,4.193656965016157034e-01
6.990000000000000213e+00,-5.715282073170764754e+00,3.708116540489453383e-01
7.000000000000000000e+00,-5.471358614673117238e+00,3.578836196506586798e-01
7.009999999999999787e+00,-5.239576564578309892e+00,3.778983018298649466e-01
7.020000000000000462e+00,-5.025015575721582195e+00,4.271828993845840916e-01
7.030000000000000249e+00,-4.831840859959322110e+00,5.012620586668847800e-01
7.040000000000000036e+00,-4.663179303669104492e+00,5.950725671560868069e-01
7.049999999999999822e+00,-4.521044638313006736e+00,7.031952531267431361e-01
7.060000000000000497e+00,-4.406313347035331063e+00,8.200931201110883695e-01
7.070000000000000284e+00,-4.318750593181933439e+00,9.403448362326327636e-01
7.080000000000000071e+00,-4.257083183439419827e+00,1.058863296567621237e+00
7.089999999999999858e+00,-4.219114529672813418e+00,1.171090032686310511e+00
7.100000000000000533e+00,-4.201874836923822798e+00,1.273157689117223823e+00
7.110000000000000320e+00,-4.201798389265618106e+00,1.362014538000545949e+00
7.120000000000000107e+00,-4.214918878240130340e+00,1.435506966302535492e+00
7.129999999999999893e+00,-4.237073246251879866e+00,1.492417944509504046e+00
7.140000000000000568e+00,-4.264104503089781950e+00,1.532461570670497375e+00
7.150000000000000355e+00,-4.292054399787161856e+00,1.556235781767977722e+00
7.160000000000000142e+00,-4.317337672725171771e+00,1.565137146514326449e+00
7.169999999999999929e+00,-4.336890747533334256e+00,1.561243222472563419e+00
7.179999999999999716e+00,-4.348289248334404888e+00,1.547169213447642244e+00
7.190000000000000391e+00,-4.349830314403241083e+00,1.525906555107415574e+00
7.200000000000000178e+00,-4.340577498354937447e+00,1.500651561069849205e+00
7.209999999999999964e+00,-4.320367820506235468e+00,1.474632370653596647e+00
7.219999999999999751e+00,-4.289782298104093172e+00,1.450942164331464612e+00
7.230000000000000426e+00,-4.250082876696965606e+00,1.432385982442454964e+00
7.240000000000000213e+00,-4.203120094533092654e+00,1.421347541332020015e+00
7.250000000000000000e+00,-4.151216952458923970e+00,1.419681246213231773e+00
7.259999999999999787e+00,-4.097035299081989379e+00,1.428633218886552037e+00
7.270000000000000462e+00,-4.043431547992040187e+00,1.448793664449048002e+00
7.280000000000000249e+00,-3.993308711662361787e+00,1.480081370104828098e+00
7.290000000000000036e+00,-3.949471573212274045e+00,1.521759635575718583e+00
7.299999999999999822e+00,-3.914491346309889153e+00,1.572481547732031526e+00
7.310000000000000497e+00,-3.890585433017130335e+00,1.630361292835819764e+00
7.320000000000000284e+00,-3.879516928816570065e+00,1.693067197927051293e+00
7.330000000000000071e+00,-3.882517401467937113e+00,1.757931444773951801e+00
7.339999999999999858e+00,-3.900235248938243693e+00,1.822070927170108989e+00
7.350000000000000533e+00,-3.932710686224773156e+00,1.882513531753059910e+00
7.360000000000000320e+00,-3.979377184254266453e+00,1.936324205708976454e+00
7.370000000000000107e+00,-4.039088043708475517e+00,1.980725509900115311e+00
7.379999999999999893e+00,-4.110165781937015872e+00,2.013207909638543125e+00
7.390000000000000568e+00,-4.190471180966173215e+00,2.031625784961848868e+00
7.400000000000000355e+00,-4.277488215900107527e+00,2.034275999140580105e+00
7.410000000000000142e+00,-4.368420669916086574e+00,2.019956796622263795e+00
7.419999999999999929e+00,-4.460296046124478053e+00,1.988005758319792982e+00
7.429999999999999716e+00,-4.550072397601439000e+00,1.938316474974902448e+00
7.440000000000000391e+00,-4.634743894556419441e+00,1.871334466025648346e+00
7.450000000000000178e+00,-4.711441303511662682e+00,1.788033637629850459e+00
7.459999999999999964e+00,-4.777524033706682438e+00,1.689875214139814119e+00
7.469999999999999751e+00,-4.830660974082851666e+00,1.578751577130730555e+00
7.480000000000000426e+00,-4.868897963419244412e+00,1.456917799507494671e+00
7.490000000000000213e+00,-4.890710372066836342e+00,1.326913872570267161e+00
7.500000000000000000e+00,-4.895039896171960336e+00,1.191480701978802292e+00
7.509999999999999787e+00,-4.881315249990358929e+00,1.053472910687807573e+00
7.520000000000000462e+00,-4.849456971183515819e+00,9.157713530106238453e-01
7.530000000000000249e+00,-4.799867016953486498e+00,7.811980352549499074e-01
7.540000000000000036e+00,-4.733404220928324690e+00,6.524358754972254815e-01
7.549999999999999822e+00,-4.651347002597903568e+00,5.319554363780860662e-01
7.560000000000000497e+00,-4.555344977487532532e+00,4.219504451920587096e-01
7.570000000000000284e+00,-4.447361314110524155e+00,3.242835857683582512e-01
7.580000000000000071e+00,-4.329607830660098244e+00,2.404437132696674029e-01
7.589999999999999858e+00,-4.204474927093663439e+00,1.715153089486435856e-01
7.600000000000000533e+00,-4.074458511334340116e+00,1.181606572348248563e-01
7.610000000000000320e+00,-3.942086103516240669e+00,8.061489097986240804e-02
7.620000000000000107e+00,-3.809844288183714234e+00,5.869371098127328101e-02
7.629999999999999893e+00,-3.680109627006256545e+00,5.181324321477245171e-02
7.640000000000000568e+00,-3.555085037848916940e+00,5.902115440621305553e-02
7.650000000000000355e+00,-3.436743483237039598e+00,7.903781009211573172e-02
7.660000000000000142e+00,-3.326780586553054420e+00,1.103059394903147666e-01
7.669999999999999929e+00,-3.226577504402139418e+00,1.510469823501355280e-01
7.679999999999999716e+00,-3.137175029242896152e+00,1.993220513610992339e-01
7.690000000000000391e+00,-3.059259483651679545e+00,2.530952680543121502e-01
7.700000000000000178e+00,-2.993160508571810041e+00,3.102971385161742424e-01
7.709999999999999964e+00,-2.938860360870460209e+00,3.688856433713478267e-01
7.719999999999999751e+00,-2.896013844385986413e+00,4.269028356217112741e-01
7.730000000000000426e+00,-2.863977531649518848e+00,4.825249748648745562e-01
7.740000000000000213e+00,-2.841846521311566232e+00,5.341045739960218475e-01
7.750000000000000000e+00,-2.828496649725372958e+00,5.802031826416211846e-01
7.759999999999999787e+00,-2.822629862165075831e+00,6.196142590974024200e-01
7.770000000000000462e+00,-2.822820372312366821e+00,6.513760598286660874e-01
7.780000000000000249e+00,-2.827559312344249509e+00,6.747750661278527629e-01
7.790000000000000036e+00,-2.835295804357153227e+00,6.893410302542033463e-01
7.799999999999999822e+00,-2.844472759443523291e+00,6.948352156993565787e-01
7.810000000000000497e+00,-2.853556213760165772e+00,6.912337874172356234e-01
7.820000000000000284e+00,-2.861057609948221891e+00,6.787085426970090873e-01
7.830000000000000071e+00,-2.865549085708766430e+00,6.576072355350064402e-01
7.839999999999999858e+00,-2.865672490092299629e+00,6.284356224486252751e-01
7.850000000000000533e+00,-2.860143458931293736e+00,5.918430453133687319e-01
7.860000000000000320e+00,-2.847752390643938369e+00,5.486128818577606925e-01
7.870000000000000107e+00,-2.827364523582355016e+00,4.996585669707792055e-01
7.879999999999999893e+00,-2.797921486180517281e+00,4.460251618636666970e-01
7.890000000000000568e+00,-2.758446644083767829e+00,3.888956785540105821e-01
7.900000000000000355e+00,-2.708056292808976195e+00,3.296006168311735318e-01
7.910000000000000142e+00,-2.645978246845052784e+00,2.696285055064556180e-01
7.919999999999999929e+00,-2.571578681696835567e+00,2.106347228473639810e-01
7.930000000000000604e+00,-2.484397237373650480e+00,1.544455586425139970e-01
7.940000000000000391e+00,-2.384189449061888233e+00,1.030544157999742638e-01
7.950000000000000178e+00,-2.270974604020226106e+00,5.860725932617920353e-02
7.959999999999999964e+00,-2.145086211027074974e+00,2.337491141570458703e-02
7.969999999999999751e+00,-2.007221489300212269e+00,-2.894522935947605293e-04
7.980000000000000426e+00,-1.858485712197225581e+00,-1.000826611243118766e-02
7.990000000000000213e+00,-1.700426940736660786e+00,-3.452504408052307124e-03
8.000000000000000000e+00,-1.535056700003392116e+00,2.157216235868711710e-02
