# eV,pumped_re,pumped_im
1.000000000000000021e-02,1.002585784256580700e+04,-3.443552045796582388e+04
2.000000000000000042e-02,9.810211552009064690e+03,-1.568338373704411424e+04
2.999999999999999889e-02,9.457803071292139066e+03,-8.802165055427256448e+03
4.000000000000000083e-02,8.978843719626125676e+03,-4.944429551099159653e+03
5.000000000000000278e-02,8.387060290955134406e+03,-2.355249626438153882e+03
5.999999999999999778e-02,7.699158623790559432e+03,-4.592400742540520469e+02
7.000000000000000666e-02,6.934178528159577581e+03,9.845496721838744634e+02
8.000000000000000167e-02,6.112770196915675115e+03,2.094131467848530519e+03
8.999999999999999667e-02,5.256425458106356928e+03,2.935146722250258335e+03
1.000000000000000056e-01,4.386698700792994714e+03,3.549042057549786023e+03
1.100000000000000006e-01,3.524451977390083812e+03,3.965730328106817524e+03
1.199999999999999956e-01,2.689156703050426131e+03,4.209706184940402636e+03
1.300000000000000044e-01,1.898280687137081031e+03,4.303079363968386133e+03
1.400000000000000133e-01,1.166784181516316039e+03,4.267025641614769484e+03
1.499999999999999944e-01,5.067425254492341651e+02,4.122372084217045995e+03
1.600000000000000033e-01,-7.289383045960786944e+01,3.889691324969835932e+03
1.700000000000000122e-01,-5.663982367982370079e+02,3.589118461478570225e+03
1.799999999999999933e-01,-9.712290115253229033e+02,3.240022445460327162e+03
1.900000000000000022e-01,-1.287862703490268586e+03,2.860618963251577497e+03
2.000000000000000111e-01,-1.519515010148527153e+03,2.467584763933327395e+03
2.099999999999999922e-01,-1.671769527029157416e+03,2.075715292697097084e+03
2.200000000000000011e-01,-1.752137829609932851e+03,1.697654067874349266e+03
2.300000000000000100e-01,-1.769576292096091265e+03,1.343711458194721899e+03
2.399999999999999911e-01,-1.733985498120477814e+03,1.021781434627310773e+03
2.500000000000000000e-01,-1.655717147603526428e+03,7.373571092692724278e+02
2.600000000000000089e-01,-1.545111143201926097e+03,4.936393284728202389e+02
2.700000000000000178e-01,-1.412082247941079004e+03,2.917272769465390638e+02
2.800000000000000266e-01,-1.265771594217647589e+03,1.308760272398806705e+02
2.899999999999999800e-01,-1.114273679331481389e+03,8.803273619657796090e+00
2.999999999999999889e-01,-9.644446052173725548e+02,-7.797388209113005075e+01
3.099999999999999978e-01,-8.217925070824769591e+02,-1.337913300243057506e+02
3.200000000000000067e-01,-6.904466418673089265e+02,-1.634977271388708857e+02
3.300000000000000155e-01,-5.731977093322220753e+02,-1.721378045468170797e+02
3.400000000000000244e-01,-4.715988419145795092e+02,-1.646725546176488137e+02
3.500000000000000333e-01,-3.861144507752281925e+02,-1.457462961004800093e+02
3.599999999999999867e-01,-3.163028175206013088e+02,-1.195069780198239187e+02
3.699999999999999956e-01,-2.610179732988790988e+02,-8.948240568337489265e+01
3.800000000000000044e-01,-2.186169494016491797e+02,-5.851158569996713510e+01
3.900000000000000133e-01,-1.871598048389438418e+02,-2.872729157539519917e+01
4.000000000000000222e-01,-1.645917846721105207e+02,-1.583406066223796760e+00
4.100000000000000311e-01,-1.488993584572108375e+02,2.208128863743482384e+01
4.199999999999999845e-01,-1.382345372653704487e+02,4.195236837596621626e+01
4.299999999999999933e-01,-1.310045765694745228e+02,5.813200922129569648e+01
4.400000000000000022e-01,-1.259267597688041747e+02,7.102391012218022581e+01
4.500000000000000111e-01,-1.220502661524154036e+02,8.121975093673749768e+01
4.600000000000000200e-01,-1.187490332279279954e+02,8.939471695077666880e+01
4.700000000000000289e-01,-1.156909406217935015e+02,9.621795245198789814e+01
4.799999999999999822e-01,-1.127895264994126734e+02,1.022819418681605868e+02
4.899999999999999911e-01,-1.101447938793665884e+02,1.080529060457465107e+02
5.000000000000000000e-01,-1.079795072642008336e+02,1.138424812656828493e+02
5.100000000000000089e-01,-1.065767857164363193e+02,1.197993377593796822e+02
5.200000000000000178e-01,-1.062238575314096778e+02,1.259180846599985983e+02
5.300000000000000266e-01,-1.071656606236039408e+02,1.320618607508887692e+02
5.400000000000000355e-01,-1.095706651195436194e+02,1.379944539678812419e+02
5.500000000000000444e-01,-1.135099718627376149e+02,1.434176247300907505e+02
5.600000000000000533e-01,-1.189495039481919463e+02,1.480094976442513257e+02
5.700000000000000622e-01,-1.257540427033591186e+02,1.514603781510539875e+02
5.799999999999999600e-01,-1.337010279054090347e+02,1.535030730861623169e+02
5.899999999999999689e-01,-1.425014833474666602e+02,1.539356644102377061e+02
5.999999999999999778e-01,-1.518251569706150406e+02,1.526356179232816430e+02
6.099999999999999867e-01,-1.613269696882805988e+02,1.495650217910431365e+02
6.199999999999999956e-01,-1.706721179232575878e+02,1.447675711154010685e+02
6.300000000000000044e-01,-1.795576244106962349e+02,1.383585870207032258e+02
6.400000000000000133e-01,-1.877287213705305078e+02,1.305098419581372582e+02
6.500000000000000222e-01,-1.949891155044988693e+02,1.214312365602691841e+02
6.600000000000000311e-01,-2.012048612622854193e+02,1.113514359693282216e+02
6.700000000000000400e-01,-2.063021984992100784e+02,1.004994412119735046e+02
6.800000000000000488e-01,-2.102602435901453930e+02,8.908877465070706592e+01
6.900000000000000577e-01,-2.130998225528902594e+02,7.730553939722193491e+01
7.000000000000000666e-01,-2.148699786445699829e+02,6.530111888410198162e+01
7.099999999999999645e-01,-2.156337682395281945e+02,5.318976455674734893e+01
7.199999999999999734e-01,-2.154548849902720349e+02,4.105082449701272651e+01
7.299999999999999822e-01,-2.143864432735282435e+02,2.893493522944682539e+01
7.399999999999999911e-01,-2.124629375027481331e+02,1.687316543151088055e+01
7.500000000000000000e-01,-2.096960103124695820e+02,4.887885199038122686e+00
7.600000000000000089e-01,-2.060742490674078056e+02,-6.995952553153323095e+00
7.700000000000000178e-01,-2.015668251816002510e+02,-1.874039321416321258e+01
7.800000000000000266e-01,-1.961304291061321408e+02,-3.028604691637630353e+01
7.900000000000000355e-01,-1.897186638975122435e+02,-4.154651947471099760e+01
8.000000000000000444e-01,-1.822928620754512679e+02,-5.240627915476984811e+01
8.100000000000000533e-01,-1.738331947885189095e+02,-6.272218933424251475e+01
8.200000000000000622e-01,-1.643489504512294559e+02,-7.232859376522175410e+01
8.300000000000000711e-01,-1.538869645203330094e+02,-8.104552484071079732e+01
8.399999999999999689e-01,-1.425373679991868698e+02,-8.868934073155037368e+01
8.499999999999999778e-01,-1.304360690349332970e+02,-9.508490307969042021e+01
8.599999999999999867e-01,-1.177636655832997548e+02,-1.000782945333709506e+02
8.699999999999999956e-01,-1.047407823474447071e+02,-1.035490486938021775e+02
8.800000000000000044e-01,-9.162010781574213070e+01,-1.054209207034940476e+02
8.900000000000000133e-01,-7.867565586968115099e+01,-1.056703551049919696e+02
9.000000000000000222e-01,-6.618997411171399392e+01,-1.043319940970351496e+02
9.100000000000000311e-01,-5.444015612990045838e+01,-1.015007959001389253e+02
9.200000000000000400e-01,-4.368358152917105031e+01,-9.733057998148289869e+01
9.300000000000000488e-01,-3.414430560115420121e+01,-9.202906384409757834e+01
9.400000000000000577e-01,-2.600095504114005607e+01,-8.584968706013864903e+01
9.500000000000000666e-01,-1.937686648130977574e+01,-7.908071720852250053e+01
9.599999999999999645e-01,-1.433304321402280834e+01,-7.203228810628419865e+01
9.699999999999999734e-01,-1.086431653893124505e+01,-6.502212616515045340e+01
9.799999999999999822e-01,-8.898896387888969528e+00,-5.836077310627250370e+01
9.899999999999999911e-01,-8.301295280006277366e+00,-5.233711385210492750e+01
1.000000000000000000e+00,-8.878422594324053563e+00,-4.720497179377684205e+01
1.010000000000000009e+00,-1.038848261637134840e+01,-4.317144699927007423e+01
1.020000000000000018e+00,-1.255217704931707701e+01,-4.038755516161558035e+01
1.030000000000000027e+00,-1.506561503986172212e+01,-3.894158584585790805e+01
1.040000000000000036e+00,-1.761427289539010488e+01,-3.885544749318468405e+01
1.050000000000000044e+00,-1.988732084986866866e+01,-4.008411257616166523e+01
1.060000000000000053e+00,-2.159164290584963553e+01,-4.251812696609012932e+01
1.070000000000000062e+00,-2.246491408297030290e+01,-4.598900919596315617e+01
1.080000000000000071e+00,-2.228716274655986140e+01,-5.027724256208768594e+01
1.090000000000000080e+00,-2.089032922418618199e+01,-5.512245914408777736e+01
1.100000000000000089e+00,-1.816543090209905742e+01,-6.023533185848580018e+01
1.110000000000000098e+00,-1.406705401828191526e+01,-6.531062968934470803e+01
1.120000000000000107e+00,-8.615009437779665546e+00,-7.004085272570274867e+01
1.130000000000000115e+00,-1.893110181973280959e+00,-7.412984767079288417e+01
1.140000000000000124e+00,5.954851004718147323e+00,-7.730581095963773919e+01
1.150000000000000133e+00,1.473172856242444162e+01,-7.933311527504935157e+01
1.159999999999999920e+00,2.419594955750546461e+01,-8.002244563988905668e+01
1.169999999999999929e+00,3.407233169635296832e+01,-7.923880259534139725e+01
1.179999999999999938e+00,4.406430229286300460e+01,-7.690702089989419221e+01
1.189999999999999947e+00,5.386695938436186992e+01,-7.301456054761875691e+01
1.199999999999999956e+00,6.318037153679720319e+01,-6.761144953271067948e+01
1.209999999999999964e+00,7.172249446155103669e+01,-6.080739034258785836e+01
1.219999999999999973e+00,7.924109332843717368e+01,-5.276617911809376693e+01
1.229999999999999982e+00,8.552410136003484808e+01,-4.369772118362270419e+01
1.239999999999999991e+00,9.040791809433845572e+01,-3.384805184351128560e+01
1.250000000000000000e+00,9.378325284613184465e+01,-2.348787923245954090e+01
1.260000000000000009e+00,9.559824650730799078e+01,-1.290024907044847069e+01
1.270000000000000018e+00,9.585875189590019829e+01,-2.367982720819039599e+00
1.280000000000000027e+00,9.462581144371179676e+01,7.838445206790837005e+00
1.290000000000000036e+00,9.201053161095057931e+01,1.747194841954759426e+01
1.300000000000000044e+00,8.816670559190113465e+01,2.631821363351007648e+01
1.310000000000000053e+00,8.328166898718801292e+01,3.420295552080589374e+01
1.320000000000000062e+00,7.756597717043273121e+01,4.099670475566959027e+01
1.330000000000000071e+00,7.124255959031262364e+01,4.661695213337449673e+01
1.340000000000000080e+00,6.453602907023071111e+01,5.102764579790987653e+01
1.350000000000000089e+00,5.766280014273749543e+01,5.423621447700853793e+01
1.360000000000000098e+00,5.082259988813483886e+01,5.628845439254906324e+01
1.370000000000000107e+00,4.419184158641589022e+01,5.726175854740574778e+01
1.380000000000000115e+00,3.791918321860134711e+01,5.725727305334167028e+01
1.390000000000000124e+00,3.212342004617050861e+01,5.639162704430237483e+01
1.400000000000000133e+00,2.689367610910386119e+01,5.478889468514332606e+01
1.409999999999999920e+00,2.229167787453348382e+01,5.257340782627577624e+01
1.419999999999999929e+00,1.835572906872534560e+01,4.986394811487198808e+01
1.429999999999999938e+00,1.510587261939791404e+01,4.676971414802213900e+01
1.439999999999999947e+00,1.254963517518150695e+01,4.338829262312810187e+01
1.449999999999999956e+00,1.068771022105078217e+01,3.980567556632590964e+01
1.459999999999999964e+00,9.518951733300726303e+00,3.609817384212650637e+01
1.469999999999999973e+00,9.044121462056574856e+00,3.233589637285451346e+01
1.479999999999999982e+00,9.267954489043724209e+00,2.858731046144777821e+01
1.489999999999999991e+00,1.019927048463135044e+01,2.492428514267449913e+01
1.500000000000000000e+00,1.184904913025653350e+01,2.142695737387768773e+01
1.510000000000000009e+00,1.422659176194398789e+01,1.818775685827506194e+01
1.520000000000000018e+00,1.733409019324651013e+01,1.531398137416924321e+01
1.530000000000000027e+00,2.116010055846592053e+01,1.292842761862993584e+01
1.540000000000000036e+00,2.567255891386057698e+01,1.116774478960472017e+01
1.550000000000000044e+00,3.081206303687820736e+01,1.017837705838347873e+01
1.560000000000000053e+00,3.648617211032453866e+01,1.011018089038158330e+01
1.570000000000000062e+00,4.256543834260057224e+01,1.110802579868294160e+01
1.580000000000000071e+00,4.888178296110463350e+01,1.330189374306338479e+01
1.590000000000000080e+00,5.522966971824043725e+01,1.679616499821078435e+01
1.600000000000000089e+00,6.137032335865927024e+01,2.165890121694209824e+01
1.610000000000000098e+00,6.703900387552832285e+01,2.791199760800586205e+01
1.620000000000000107e+00,7.195509827883708454e+01,3.552306840939219512e+01
1.630000000000000115e+00,7.583454997659393371e+01,4.439985142258137785e+01
1.640000000000000124e+00,7.840393160128728312e+01,5.438777227685181259e+01
1.650000000000000133e+00,7.941529833860302290e+01,6.527110683993392115e+01
1.660000000000000142e+00,7.866085042162183072e+01,7.677793516068410895e+01
1.669999999999999929e+00,7.598639580555831685e+01,8.858881066934229409e+01
1.679999999999999938e+00,7.130264205609692851e+01,1.003487945782781594e+02
1.689999999999999947e+00,6.459345916181949576e+01,1.116822487643071753e+02
1.699999999999999956e+00,5.592043537975030887e+01,1.222095611507227630e+02
1.709999999999999964e+00,4.542328395207810843e+01,1.315648134155316598e+02
1.719999999999999973e+00,3.331593267589059337e+01,1.394133053552241677e+02
1.729999999999999982e+00,1.987842072652159686e+01,1.454678318782279121e+02
1.739999999999999991e+00,5.445016035029174084e+00,1.495026699453917445e+02
1.750000000000000000e+00,-9.610769835404594730e+00,1.513643702372630173e+02
1.760000000000000009e+00,-2.489337394768978839e+01,1.509786524423264495e+02
1.770000000000000018e+00,-4.000352944076853134e+01,1.483529591912389662e+02
1.780000000000000027e+00,-5.455663346679070713e+01,1.435745131383994533e+02
1.790000000000000036e+00,-6.819999834387620297e+01,1.368040232609080817e+02
1.800000000000000044e+00,-8.062792657918687667e+01,1.282654779260833209e+02
1.810000000000000053e+00,-9.159370304827918119e+01,1.182327222873229431e+02
1.820000000000000062e+00,-1.009178135507993233e+02,1.070137271640822689e+02
1.830000000000000071e+00,-1.084919620971457448e+02,9.493360069520447553e+01
1.840000000000000080e+00,-1.142787500883312077e+02,8.231746269261395810e+01
1.850000000000000089e+00,-1.183071776096936958e+02,6.947429046971622313e+01
1.860000000000000098e+00,-1.206644087119340440e+02,5.668275568253234553e+01
1.870000000000000107e+00,-1.214844885653171502e+02,4.417991190123339607e+01
1.880000000000000115e+00,-1.209348934509724387e+02,3.215337486014013280e+01
1.890000000000000124e+00,-1.192019216086540183e+02,2.073737834009419245e+01
1.900000000000000133e+00,-1.164759860240177005e+02,1.001280788989679849e+01
1.910000000000000142e+00,-1.129378469589458831e+02,1.103278356145176962e-02
1.919999999999999929e+00,-1.087467257243842909e+02,-9.278905940588057177e+00
1.929999999999999938e+00,-1.040310804691783915e+02,-1.790041837087327181e+01
1.939999999999999947e+00,-9.888261271432949684e+01,-2.591763850906384548e+01
1.949999999999999956e+00,-9.335382649848477854e+01,-3.340279402831249200e+01
1.959999999999999964e+00,-8.745919887786537572e+01,-4.042365836154870351e+01
1.969999999999999973e+00,-8.117976031763032552e+01,-4.703203820340541341e+01
1.979999999999999982e+00,-7.447064456871775917e+01,-5.325415105933035420e+01
1.989999999999999991e+00,-6.727096613613917953e+01,-5.908359185229369359e+01
2.000000000000000000e+00,-5.951523233757488640e+01,-6.447738757173206636e+01
2.010000000000000231e+00,-5.114540506947507481e+01,-6.935540997290108578e+01
2.020000000000000018e+00,-4.212269903400729021e+01,-7.360317529454418661e+01
2.030000000000000249e+00,-3.243823796952582939e+01,-7.707782388543634511e+01
2.040000000000000036e+00,-2.212178359956774543e+01,-7.961685744157861677e+01
2.049999999999999822e+00,-1.124789496394577348e+01,-8.104903098767755409e+01
2.060000000000000053e+00,6.094309822309218472e-02,-8.120666146068035118e+01
2.069999999999999840e+00,1.163447790957993710e+01,-7.993853179423270205e+01
2.080000000000000071e+00,2.325817334675408077e+01,-7.712254186064201633e+01
2.089999999999999858e+00,3.467984945983092615e+01,-7.267728470829013077e+01
2.100000000000000089e+00,4.561911257910355744e+01,-6.657180387011999301e+01
2.109999999999999876e+00,5.577904653385006384e+01,-5.883290772967099969e+01
2.120000000000000107e+00,6.485950850590039352e+01,-4.954957035211595695e+01
2.129999999999999893e+00,7.257128911308710428e+01,-3.887412371704672154e+01
2.140000000000000124e+00,7.865035808915614268e+01,-2.702013225696427767e+01
2.149999999999999911e+00,8.287142391935235253e+01,-1.425702560006927477e+01
2.160000000000000142e+00,8.506008484451000129e+01,-9.017390114059326001e-01
2.169999999999999929e+00,8.510293439705897356e+01,1.269223564590779496e+01
2.180000000000000160e+00,8.295510009357329295e+01,2.614785946499791791e+01
2.189999999999999947e+00,7.864483109496083557e+01,3.907899340452909343e+01
2.200000000000000178e+00,7.227490118244016060e+01,5.110559972664520956e+01
2.209999999999999964e+00,6.402074906740632798e+01,6.186899054375502516e+01
2.220000000000000195e+00,5.412543124240614389e+01,7.104642529185991862e+01
2.229999999999999982e+00,4.289160660379265977e+01,7.836439932933984664e+01
2.240000000000000213e+00,3.067090137405210726e+01,8.361003362521110205e+01
2.250000000000000000e+00,1.785111306271176090e+01,8.664006618296056672e+01
2.260000000000000231e+00,4.841800141040591754e+00,8.738705459611507820e+01
2.270000000000000018e+00,-7.941132348492715209e+00,8.586252097754247359e+01
2.280000000000000249e+00,-2.009120305726784750e+01,8.215690053286891725e+01
2.290000000000000036e+00,-3.122682028980286617e+01,7.643628851000084978e+01
2.300000000000000266e+00,-4.100579722138343186e+01,6.893611260632029314e+01
2.310000000000000053e+00,-4.913830860823471625e+01,5.995198480685025544e+01
2.319999999999999840e+00,-5.539774348963235440e+01,4.982810389055376277e+01
2.330000000000000071e+00,-5.962899237571456013e+01,3.894368346806504633e+01
2.339999999999999858e+00,-6.175381068600642465e+01,2.769796656893175779e+01
2.350000000000000089e+00,-6.177301964081971164e+01,1.649445288877431182e+01
2.359999999999999876e+00,-5.976543757520471445e+01,5.725005612505199792e+00
2.370000000000000107e+00,-5.588357414958421288e+01,-4.245481427200706648e+00
2.379999999999999893e+00,-5.034626184735709842e+01,-1.309319051956583557e+01
2.390000000000000124e+00,-4.342853752596067096e+01,-2.054763980934875889e+01
2.399999999999999911e+00,-3.544921524209988206e+01,-2.640154918038172482e+01
2.410000000000000142e+00,-2.675670357861550031e+01,-3.051786717946263749e+01
2.419999999999999929e+00,-1.771370995687559713e+01,-3.283363973651533030e+01
2.430000000000000160e+00,-8.681535265082315433e+00,-3.336054648583282756e+01
2.439999999999999947e+00,-4.689996165633036895e-03,-3.218208827538652628e+01
2.450000000000000178e+00,8.003445094999884546e+00,-2.944757229069559301e+01
2.459999999999999964e+00,1.507323622948591435e+01,-2.536320059179942277e+01
2.470000000000000195e+00,2.098909588133477655e+01,-2.018071488214296139e+01
2.479999999999999982e+00,2.559698309143894335e+01,-1.418417632222661418e+01
2.490000000000000213e+00,2.880876641192491405e+01,-7.675556311170860901e+00
2.500000000000000000e+00,3.060327405011872770e+01,-9.598759400619129023e-01
2.510000000000000231e+00,3.102403018250809907e+01,5.669346232410870989e+00
2.520000000000000018e+00,3.017385222974120396e+01,1.194359846730508856e+01
2.530000000000000249e+00,2.820665071420256353e+01,1.763115413466583448e+01
2.540000000000000036e+00,2.531692106331726322e+01,2.254654586870266897e+01
2.550000000000000266e+00,2.172753630647116907e+01,2.655729005656099062e+01
2.560000000000000053e+00,1.767653367073341997e+01,2.958757350597109692e+01
2.569999999999999840e+00,1.340363149287670375e+01,3.161878668884507348e+01
2.580000000000000071e+00,9.137213162949707979e+00,3.268696504663277125e+01
2.589999999999999858e+00,5.082472373523655662e+00,3.287737054443674367e+01
2.600000000000000089e+00,1.411331969146939702e+00,3.231659954299428961e+01
2.609999999999999876e+00,-1.745367042039811079e+00,3.116273092889832697e+01
2.620000000000000107e+00,-4.303051308618001336e+00,2.959412300187306855e+01
2.629999999999999893e+00,-6.225778693862032753e+00,2.779752395009121457e+01
2.640000000000000124e+00,-7.525746458112633874e+00,2.595617663098266803e+01
2.649999999999999911e+00,-8.260070670086403055e+00,2.423857437791543390e+01
2.660000000000000142e+00,-8.525109285633709177e+00,2.278846388073852225e+01
2.669999999999999929e+00,-8.448725053471692448e+00,2.171659935111616591e+01
2.680000000000000160e+00,-8.180979721464140653e+00,2.109463647693468502e+01
2.689999999999999947e+00,-7.883813928517191982e+00,2.095142353067518215e+01
2.700000000000000178e+00,-7.720296135224868905e+00,2.127180929595298053e+01
2.709999999999999964e+00,-7.844019826527770078e+00,2.199795181463280613e+01
2.720000000000000195e+00,-8.389194004315880804e+00,2.303298602255199157e+01
2.729999999999999982e+00,-9.461912378193899187e+00,2.424679839364491230e+01
2.740000000000000213e+00,-1.113300751903499552e+01,2.548356722688355802e+01
2.750000000000000000e+00,-1.343280397136005533e+01,2.657066072256387557e+01
2.760000000000000231e+00,-1.634798527521292755e+01,2.732844213504002084e+01
2.770000000000000018e+00,-1.982068976877287270e+01,2.758051100785298360e+01
2.780000000000000249e+00,-2.374985364019411804e+01,2.716390943653977530e+01
2.790000000000000036e+00,-2.799473038198424391e+01,2.593883927460541017e+01
2.800000000000000266e+00,-3.238043559804781779e+01,2.379746669674722170e+01
2.810000000000000053e+00,-3.670529575627605112e+01,2.067143124438309698e+01
2.819999999999999840e+00,-4.074971867203967690e+01,1.653772469140866264e+01
2.830000000000000071e+00,-4.428625130969985690e+01,1.142265896648397216e+01
2.839999999999999858e+00,-4.709044577506659124e+01,5.403701151571910444e+00
2.850000000000000089e+00,-4.895211630125886160e+01,-1.390982600072714570e+00
2.859999999999999876e+00,-4.968653846383890738e+01,-8.785362646778708040e+00
2.870000000000000107e+00,-4.914511765968282475e+01,-1.656077250909205389e+01
2.879999999999999893e+00,-4.722503904709426337e+01,-2.446345313914508068e+01
2.890000000000000124e+00,-4.387740875158269205e+01,-3.221424782455223834e+01
2.899999999999999911e+00,-3.911341008982799394e+01,-3.952017952004201362e+01
2.910000000000000142e+00,-3.300803311760928693e+01,-4.608753590952674273e+01
2.919999999999999929e+00,-2.570099499478976313e+01,-5.163597998143084311e+01
2.930000000000000160e+00,-1.739455558332618779e+01,-5.591310142362991797e+01
2.939999999999999947e+00,-8.348048819797282860e+00,-5.870873438588134263e+01
2.950000000000000178e+00,1.130905073282765683e+00,-5.986829891127787562e+01
2.959999999999999964e+00,1.069837211485643280e+01,-5.930438580790757186e+01
2.970000000000000195e+00,1.998893978876261457e+01,-5.700580664668746778e+01
2.979999999999999982e+00,2.863289659139782017e+01,-5.304337920039851895e+01
2.990000000000000213e+00,3.627504467410184219e+01,-4.757181879990123718e+01
3.000000000000000000e+00,4.259425909721758785e+01,-4.082725924678701546e+01
3.010000000000000231e+00,4.732276468033068539e+01,-3.312013051452196066e+01
3.020000000000000018e+00,5.026400652428132787e+01,-2.482336747258371901e+01
3.030000000000000249e+00,5.130795634489352608e+01,-1.635620277419181789e+01
3.040000000000000036e+00,5.044273422797709827e+01,-8.164092235619976989e+00
3.050000000000000266e+00,4.776154053853683479e+01,-6.956135514491270655e-01
3.060000000000000053e+00,4.346408651961568381e+01,5.622552073145469897e+00
3.070000000000000284e+00,3.785197970394007427e+01,1.041122260912143993e+01
3.080000000000000071e+00,3.131785056365666264e+01,1.336341255099526215e+01
3.089999999999999858e+00,2.432838283565674686e+01,1.426656256951869040e+01
3.100000000000000089e+00,1.740180951206343352e+01,1.302076397764069426e+01
3.109999999999999876e+00,1.108083351001102912e+01,9.651570263644872583e+00
3.120000000000000107e+00,5.902298269573046596e+00,4.316222725800886728e+00
3.129999999999999893e+00,2.365240540466917452e+00,-2.697550593095451088e+00
3.140000000000000124e+00,8.991790028959489867e-01,-1.098058942949237604e+01
3.149999999999999911e+00,1.834605954732952071e+00,-2.001916289325060561e+01
3.160000000000000142e+00,5.377639173988728594e+00,-2.921908833863620814e+01
3.169999999999999929e+00,1.159064924716568612e+01,-3.793605718866429299e+01
3.180000000000000160e+00,2.038040523440183449e+01,-4.551065493034952425e+01
3.189999999999999947e+00,3.149488920353539356e+01,-5.130617282754295161e+01
3.200000000000000178e+00,4.452943796717542568e+01,-5.474702360010977031e+01
3.209999999999999964e+00,5.894230678155319225e+01,-5.535541828044810586e+01
3.220000000000000195e+00,7.407915005510271556e+01,-5.278395460623868019e+01
3.229999999999999982e+00,8.920531799571743647e+01,-4.684191683685284602e+01
3.240000000000000213e+00,1.035443170772788477e+02,-3.751339014752247891e+01
3.250000000000000000e+00,1.163203164582721740e+02,-2.496573595214704255e+01
3.260000000000000231e+00,1.268022379779851718e+02,-9.547533171161560972e+00
3.270000000000000018e+00,1.343467728930964995e+02,8.224269171652522914e+00
3.280000000000000249e+00,1.384376433492671481e+02,2.768756153144596155e+01
3.290000000000000036e+00,1.387185786164383785e+02,4.806754267880064901e+01
3.300000000000000266e+00,1.350178009254827884e+02,6.851671980153655284e+01
3.310000000000000053e+00,1.273622964686956038e+02,8.816018277502107026e+01
3.320000000000000284e+00,1.159807553161770386e+02,1.061435014999270692e+02
3.330000000000000071e+00,1.012947613476270874e+02,1.216803669863328139e+02
3.339999999999999858e+00,8.389855416911332497e+01,1.340970541661741322e+02
3.350000000000000089e+00,6.452841955681532227e+01,1.428709343184325746e+02
3.359999999999999876e+00,4.402344277373968140e+01,1.476606010940451199e+02
3.370000000000000107e+00,2.327993268240858171e+01,1.483256767321288692e+02
3.379999999999999893e+00,3.202252994047446233e+00,1.449350023436397521e+02
3.390000000000000124e+00,-1.534695106148529575e+01,1.377626462596660133e+02
3.399999999999999911e+00,-3.159408615869675430e+01,1.272719384210390956e+02
3.410000000000000142e+00,-4.489660510185134967e+01,1.140885039743216964e+02
3.419999999999999929e+00,-5.477710062709205374e+01,9.896397309942028642e+01
3.430000000000000160e+00,-6.094744625498115909e+01,8.273263802177913817e+01
3.439999999999999947e+00,-6.332157656406707247e+01,6.626377105216613472e+01
3.450000000000000178e+00,-6.201623613891160858e+01,5.041257878058838315e+01
3.459999999999999964e+00,-5.733980449951502578e+01,3.597282946855920471e+01
3.470000000000000195e+00,-4.977006980554995152e+01,2.363404961544441818e+01
3.479999999999999982e+00,-3.992252429983469852e+01,1.394585241917038765e+01
3.490000000000000213e+00,-2.851134139823413705e+01,7.291459831977551431e+00
3.500000000000000000e+00,-1.630562845737348354e+01,3.871847362063336906e+00
3.510000000000000231e+00,-4.083802150966942435e+00,3.701222042560029291e+00
3.520000000000000018e+00,7.411010144244687403e+00,6.613790178973910194e+00
3.530000000000000249e+00,1.751178049281521965e+01,1.228103565537915820e+01
3.540000000000000036e+00,2.566216477653360428e+01,2.023806283802526806e+01
3.550000000000000266e+00,3.144290713814494609e+01,2.991700588222633783e+01
3.560000000000000053e+00,3.458871421880427022e+01,4.068510497345225474e+01
3.570000000000000284e+00,3.499492826496787501e+01,5.188482462125045203e+01
3.580000000000000071e+00,3.271403308836339363e+01,6.287335126110056649e+01
3.589999999999999858e+00,2.794270659724079309e+01,7.305895491714306900e+01
3.600000000000000089e+00,2.100074040498460093e+01,8.193201688158821128e+01
3.609999999999999876e+00,1.230363955611289128e+01,8.908898457031449425e+01
3.620000000000000107e+00,2.331061808414439884e+00,9.424807848097461260e+01
3.629999999999999893e+00,-8.406564091513248016e+00,9.725620035602278790e+01
3.640000000000000124e+00,-1.940089549002167502e+01,9.808712884333297666e+01
3.649999999999999911e+00,-3.017582444713593759e+01,9.683169217142518903e+01
3.660000000000000142e+00,-4.031304584203559926e+01,9.368113359903499315e+01
3.669999999999999929e+00,-4.947160582925530292e+01,8.890529877590151386e+01
3.680000000000000160e+00,-5.740050863007070348e+01,8.282754845626563167e+01
3.689999999999999947e+00,-6.394401888264290790e+01,7.579842044377161869e+01
3.700000000000000178e+00,-6.903985432266819089e+01,6.817002863915887190e+01
3.709999999999999964e+00,-7.271097731242981865e+01,6.027300408310986057e+01
3.720000000000000195e+00,-7.505212648254371288e+01,5.239747335217259661e+01
3.729999999999999982e+00,-7.621255195324614817e+01,4.477916299950125278e+01
3.740000000000000213e+00,-7.637660943242146061e+01,3.759125077288707217e+01
3.750000000000000000e+00,-7.574392106857301599e+01,3.094209431756639006e+01
3.760000000000000231e+00,-7.451072667395168025e+01,2.487849538863753907e+01
3.770000000000000018e+00,-7.285384093689542340e+01,1.939373871881903710e+01
3.780000000000000249e+00,-7.091832291456518078e+01,1.443931032751822663e+01
3.790000000000000036e+00,-6.880958301300289293e+01,9.938972934690296412e+00
3.800000000000000266e+00,-6.659023394137980745e+01,5.803769438523566748e+00
3.810000000000000053e+00,-6.428157152405560737e+01,1.946542052508165366e+00
3.820000000000000284e+00,-6.186918319876352967e+01,-1.705312527045570015e+00
3.830000000000000071e+00,-5.931185688014290491e+01,-5.199899011435365814e+00
3.839999999999999858e+00,-5.655272457963344124e+01,-8.554429126763638536e+00
3.850000000000000089e+00,-5.353143956599831910e+01,-1.175276042519504394e+01
3.859999999999999876e+00,-5.019615960594992288e+01,-1.474688170121153163e+01
3.870000000000000107e+00,-4.651418926248186381e+01,-1.746200519228947456e+01
3.879999999999999893e+00,-4.248030987296284877e+01,-1.980461848460045715e+01
3.890000000000000124e+00,-3.812207767911633027e+01,-2.167261183892048138e+01
3.899999999999999911e+00,-3.350167397006489978e+01,-2.296644675096378307e+01
3.910000000000000142e+00,-2.871421796539511462e+01,-2.360027817386474780e+01
3.919999999999999929e+00,-2.388277453038123355e+01,-2.351198663860429505e+01
3.930000000000000160e+00,-1.915057726426965701e+01,-2.267120990430507277e+01
3.939999999999999947e+00,-1.467121944557722912e+01,-2.108467179449541717e+01
3.950000000000000178e+00,-1.059772286133093466e+01,-1.879836773803886274e+01
3.959999999999999964e+00,-7.071466817882171796e+00,-1.589645758343841564e+01
3.970000000000000195e+00,-4.211943467646707795e+00,-1.249701021344868224e+01
3.979999999999999982e+00,-2.108205549255718125e+00,-8.745015746803215251e+00
3.990000000000000213e+00,-8.127003633532534632e-01,-4.803306912713797949e+00
4.000000000000000000e+00,-3.379567716010336564e-01,-8.421934635538225189e-01
4.009999999999999787e+00,-6.563318418858727910e-01,2.971299701088350176e+00
4.020000000000000462e+00,-1.702754251321019208e+00,6.483693703263609720e+00
4.030000000000000249e+00,-3.380146515349516712e+00,9.563991176136036998e+00
4.040000000000000036e+00,-5.566989322466707968e+00,1.211060258796660705e+01
4.049999999999999822e+00,-8.126326652885015989e+00,1.405577621403023869e+01
4.060000000000000497e+00,-1.091541258727184882e+01,1.536727671378480586e+01
4.070000000000000284e+00,-1.379517617879206171e+01,1.604730374825332007e+01
4.080000000000000071e+00,-1.663872927400527146e+01,1.612888077861120806e+01
4.089999999999999858e+00,-1.933825713685636316e+01,1.567015436469700163e+01
4.099999999999999645e+00,-2.180980092992719932e+01,1.474720829558856217e+01
4.110000000000000320e+00,-2.399564790374292045e+01,1.344610167048931615e+01
4.120000000000000107e+00,-2.586427007145856294e+01,1.185487813229798526e+01
4.129999999999999893e+00,-2.740797468462687192e+01,1.005626345412793832e+01
4.139999999999999680e+00,-2.863863023262880603e+01,8.121675255476308308e+00
4.150000000000000355e+00,-2.958199270615086363e+01,6.107021926223568542e+00
4.160000000000000142e+00,-3.027126517283183205e+01,4.050582460861054557e+00
4.169999999999999929e+00,-3.074057099800463533e+01,1.973052508086038381e+00
4.179999999999999716e+00,-3.101900460873682874e+01,-1.203663892964323689e-01
4.190000000000000391e+00,-3.112584656876286715e+01,-2.236148842601639597e+00
4.200000000000000178e+00,-3.106740025158354257e+01,-4.387371124117638743e+00
4.209999999999999964e+00,-3.083573838526007904e+01,-6.587962715342649211e+00
4.219999999999999751e+00,-3.040945525870566257e+01,-8.846920573953653388e+00
4.230000000000000426e+00,-2.975632225757061278e+01,-1.116311671596588084e+01
4.240000000000000213e+00,-2.883755863814920417e+01,-1.352126500867605507e+01
4.250000000000000000e+00,-2.761327263709698343e+01,-1.588949647547606503e+01
4.259999999999999787e+00,-2.604851390178959036e+01,-1.821883513561565948e+01
4.270000000000000462e+00,-2.411931657129150608e+01,-2.044468307266125251e+01
4.280000000000000249e+00,-2.181810813210830702e+01,-2.249023076155445366e+01
4.290000000000000036e+00,-1.915791228446572703e+01,-2.427152399603813393e+01
4.299999999999999822e+00,-1.617487932541425266e+01,-2.570375843562837304e+01
4.310000000000000497e+00,-1.292882532688821584e+01,-2.670825089808474218e+01
4.320000000000000284e+00,-9.501638407460385238e+00,-2.721946361789824209e+01
4.330000000000000071e+00,-5.993601014538528560e+00,-2.719143997008935187e+01
4.339999999999999858e+00,-2.517864678579293525e+00,-2.660304898806328922e+01
4.350000000000000533e+00,8.065180761728826253e-01,-2.546152787394571604e+01
4.360000000000000320e+00,3.862465526128653792e+00,-2.380394859095332549e+01
4.370000000000000107e+00,6.543013869379543657e+00,-2.169640475743450736e+01
4.379999999999999893e+00,8.759074783305408118e+00,-1.923090393424273969e+01
4.389999999999999680e+00,1.044615775473704922e+01,-1.652014205864328744e+01
4.400000000000000355e+00,1.156948479466549173e+01,-1.369051517930846273e+01
4.410000000000000142e+00,1.212704630001528194e+01,-1.087387398241650516e+01
4.419999999999999929e+00,1.215030576418193498e+01,-8.198636519092808328e+00
4.429999999999999716e+00,1.170244466155651786e+01,-5.780935141548813938e+00
4.440000000000000391e+00,1.087423214044359021e+01,-3.716480144197892077e+00
4.450000000000000178e+00,9.777791518641153701e+00,-2.073774652252468265e+00
4.459999999999999964e+00,8.538701999738368187e+00,-8.892169756728013352e-01
4.469999999999999751e+00,7.287006382078714317e+00,-1.644860255066408483e-01
4.480000000000000426e+00,6.147783563170333032e+00,1.335661709042622325e-01
4.490000000000000213e+00,5.231981748963296042e+00,7.047965217526132309e-02
4.500000000000000000e+00,4.628191969282198670e+00,-2.606345390870171697e-01
4.509999999999999787e+00,4.395973514968384066e+00,-7.459667288483332603e-01
4.520000000000000462e+00,4.561228989481085350e+00,-1.259444490292406460e+00
4.530000000000000249e+00,5.113976013867910453e+00,-1.672128731533505386e+00
4.540000000000000036e+00,6.008687111918580293e+00,-1.861896871957380295e+00
4.549999999999999822e+00,7.167182483815288663e+00,-1.722720467092313523e+00
4.560000000000000497e+00,8.483876391105493298e+00,-1.172876136290080584e+00
4.570000000000000284e+00,9.833010345171986799e+00,-1.615079889741463937e-01
4.580000000000000071e+00,1.107736728931267045e+01,1.326919761899679084e+00
4.589999999999999858e+00,1.207786013973333539e+01,3.270589279196334687e+00
4.600000000000000533e+00,1.270333196685892752e+01,5.610852097442039721e+00
4.610000000000000320e+00,1.283989683484812261e+01,8.255267241112468568e+00
4.620000000000000107e+00,1.239918935195527716e+01,1.108294030207571801e+01
4.629999999999999893e+00,1.132497335605163435e+01,1.395179477072142227e+01
4.639999999999999680e+00,9.597678885073957389e+00,1.670728107183674993e+01
4.650000000000000355e+00,7.236582286025572408e+00,1.919193966523112493e+01
4.660000000000000142e+00,4.299506013946474248e+00,2.125518737012228243e+01
4.669999999999999929e+00,8.800806400470116975e-01,2.276269272543068567e+01
4.679999999999999716e+00,-2.897229752416508042e+00,2.360474548771750491e+01
4.690000000000000391e+00,-6.883996855681190574e+00,2.370310312410808606e+01
4.700000000000000178e+00,-1.091613624280777195e+01,2.301590669248339438e+01
4.709999999999999964e+00,-1.482311795357761675e+01,2.154039121256539957e+01
4.719999999999999751e+00,-1.843750025465810793e+01,1.931326170868224068e+01
4.730000000000000426e+00,-2.160420307426227282e+01,1.640875528773975844e+01
4.740000000000000213e+00,-2.418897076183002426e+01,1.293455194148218901e+01
4.750000000000000000e+00,-2.608554043289778690e+01,9.025823246467897576e+00
4.759999999999999787e+00,-2.722112630466677174e+01,4.837811341654529862e+00
4.770000000000000462e+00,-2.755994467947814996e+01,5.374050239344810853e-01
4.780000000000000249e+00,-2.710463026197902181e+01,-3.705777730337619147e+00
4.790000000000000036e+00,-2.589552369989895197e+01,-7.728281982910835346e+00
4.799999999999999822e+00,-2.400793434744601740e+01,-1.138118610896013294e+01
4.810000000000000497e+00,-2.154759385979284048e+01,-1.453750405359203413e+01
4.820000000000000284e+00,-1.864460923217158594e+01,-1.709824770915869152e+01
4.830000000000000071e+00,-1.544629380216426284e+01,-1.899686937309594725e+01
4.839999999999999858e+00,-1.210929882542905212e+01,-2.020190698177934152e+01
4.850000000000000533e+00,-8.791485617987376600e+00,-2.071776159157646902e+01
4.860000000000000320e+00,-5.643969763975053233e+00,-2.058364079339991903e+01
4.870000000000000107e+00,-2.803736874867800211e+00,-1.987079747955066722e+01
4.879999999999999893e+00,-3.871774558709877301e-01,-1.867827570760592337e+01
4.889999999999999680e+00,1.515178908849182049e+00,-1.712744062299735859e+01
4.900000000000000355e+00,2.842527558069673610e+00,-1.535561514873615963e+01
4.910000000000000142e+00,3.566131328156614266e+00,-1.350917142841752572e+01
4.919999999999999929e+00,3.690105082360172872e+00,-1.173643010990566893e+01
4.929999999999999716e+00,3.250684102002408427e+00,-1.018070692108259756e+01
4.940000000000000391e+00,2.314088402142489009e+00,-8.973815998866431443e+00
4.950000000000000178e+00,9.731537712272861906e-01,-8.230296176769048344e+00
4.959999999999999964e+00,-6.570544534784412694e-01,-8.042573452885669383e+00
4.969999999999999751e+00,-2.444398315374563424e+00,-8.477213884354291906e+00
4.980000000000000426e+00,-4.245332641201437163e+00,-9.572359881952445804e+00
4.990000000000000213e+00,-5.910815254670510832e+00,-1.133638276057688898e+01
5.000000000000000000e+00,-7.292209797876973099e+00,-1.374772847585667179e+01
5.009999999999999787e+00,-8.246951384617574377e+00,-1.675588424341730587e+01
5.020000000000000462e+00,-8.643776379059726622e+00,-2.028335307405090404e+01
5.030000000000000249e+00,-8.367354740778116806e+00,-2.422849238316765508e+01
5.040000000000000036e+00,-7.322203963793858961e+00,-2.846905230194004233e+01
5.049999999999999822e+00,-5.435805097762148819e+00,-3.286623905552080060e+01
5.060000000000000497e+00,-2.660881314895373606e+00,-3.726912813525196810e+01
5.070000000000000284e+00,1.023164065270184331e+00,-4.151925984395447955e+01
5.080000000000000071e+00,5.609621896749313663e+00,-4.545526461575474997e+01
5.089999999999999858e+00,1.106461072676339263e+01,-4.891738550908806360e+01
5.100000000000000533e+00,1.732789841708123291e+01,-5.175178849337893183e+01
5.110000000000000320e+00,2.431432997142105279e+01,-5.381457561456394956e+01
5.120000000000000107e+00,3.191577568003423337e+01,-5.497543994045266658e+01
5.129999999999999893e+00,4.000351570208048457e+01,-5.512092266729181489e+01
5.139999999999999680e+00,4.843098402789784984e+01,-5.415725053610426443e+01
5.150000000000000355e+00,5.703680490804052994e+01,-5.201274477875142566e+01
5.160000000000000142e+00,6.564806662779724888e+01,-4.863980066567417282e+01
5.169999999999999929e+00,7.408378920663884060e+01,-4.401643933154823429e+01
5.179999999999999716e+00,8.215855254494842086e+01,-3.814743138277219714e+01
5.190000000000000391e+00,8.968625826528415246e+01,-3.106498578176073622e+01
5.200000000000000178e+00,9.648400087415677717e+01,-2.282898900010928500e+01
5.209999999999999964e+00,1.023760212149852009e+02,-1.352677008096479305e+01
5.219999999999999751e+00,1.071977073259243269e+02,-3.272358868279694466e+00
5.230000000000000426e+00,1.107995951543963997e+02,7.794800914447582940e+00
5.240000000000000213e+00,1.130513050751517881e+02,1.951172312553833521e+01
5.250000000000000000e+00,1.138453312920507301e+02,3.169436977851155390e+01
5.259999999999999787e+00,1.131005818831707614e+02,4.414078366341030346e+01
5.270000000000000462e+00,1.107655496722375688e+02,5.663486715305462837e+01
5.280000000000000249e+00,1.068209805920264444e+02,6.895078569203971597e+01
5.290000000000000036e+00,1.012818989833848491e+02,8.085794301196688139e+01
5.299999999999999822e+00,9.419885029706492219e+01,9.212643955086568326e+01
5.310000000000000497e+00,8.565823239927921406e+01,1.025328881778725503e+02
5.320000000000000284e+00,7.578160793024137831e+01,1.118664248897209745e+02
5.330000000000000071e+00,6.472392193858516407e+01,1.199347196699578006e+02
5.339999999999999858e+00,5.267059045391612671e+01,1.265697672328772825e+02
5.350000000000000533e+00,3.983347502489288416e+01,1.316332217402974720e+02
5.360000000000000320e+00,2.644581298488931864e+01,1.350210361348892150e+02
5.370000000000000107e+00,1.275623007535719644e+01,1.366671771257981618e+02
5.379999999999999893e+00,-9.779826538382780932e-01,1.365462118372142299e+02
5.389999999999999680e+00,-1.449809596801345535e+01,1.346746014011673367e+02
5.400000000000000355e+00,-2.755140147996186784e+01,1.311105889637807707e+02
5.410000000000000142e+00,-3.989860289332162324e+01,1.259526322372169602e+02
5.419999999999999929e+00,-5.132082779866237132e+01,1.193364004767840498e+02
5.429999999999999716e+00,-6.162595386978978951e+01,1.114304284541404542e+02
5.440000000000000391e+00,-7.065396698022408373e+01,1.024305910154421753e+02
5.450000000000000178e+00,-7.828111003273546942e+01,9.255362638756665206e+01
5.459999999999999964e+00,-8.442263830855316087e+01,8.202998995906666835e+01
5.469999999999999751e+00,-8.903406681773766707e+01,7.109635880930163410e+01
5.480000000000000426e+00,-9.211087334323832465e+01,5.998812767503825683e+01
5.490000000000000213e+00,-9.368670271193244048e+01,4.893223738339352025e+01
5.500000000000000000e+00,-9.383019794738420671e+01,3.814065646258494979e+01
5.509999999999999787e+00,-9.264065695572948300e+01,2.780479654950329760e+01
5.520000000000000462e+00,-9.024277421303548863e+01,1.809108467636252016e+01
5.530000000000000249e+00,-8.678077124917932395e+01,9.137844189467363876e+00
5.540000000000000036e+00,-8.241224434308600166e+01,1.053555668927330213e+00
5.549999999999999822e+00,-7.730206090938823138e+01,-6.083514726662122563e+00
5.560000000000000497e+00,-7.161661726461871069e+01,-1.222441371838553437e+01
5.570000000000000284e+00,-6.551873111469873834e+01,-1.734749397904568369e+01
5.580000000000000071e+00,-5.916338504852829772e+01,-2.145552989041365421e+01
5.589999999999999858e+00,-5.269446675313195527e+01,-2.457222667425005014e+01
5.600000000000000533e+00,-4.624257283914685246e+01,-2.673841552351543527e+01
5.610000000000000320e+00,-3.992386200612437364e+01,-2.800822712251996194e+01
5.620000000000000107e+00,-3.383986593163636059e+01,-2.844551371585659894e+01
5.629999999999999893e+00,-2.807809863054040989e+01,-2.812074754130514975e+01
5.639999999999999680e+00,-2.271325227955759019e+01,-2.710856442555664358e+01
5.650000000000000355e+00,-1.780873368652031985e+01,-2.548605041762762724e+01
5.660000000000000142e+00,-1.341828329022052557e+01,-2.333179223026432325e+01
5.669999999999999929e+00,-9.587428709763742063e+00,-2.072563522561544147e+01
5.679999999999999716e+00,-6.354556551048460733e+00,-1.774902200644152828e+01
5.690000000000000391e+00,-3.751436825176540424e+00,-1.448572618708681681e+01
5.700000000000000178e+00,-1.803099801008265501e+00,-1.102275452191557648e+01
5.709999999999999964e+00,-5.270400323180433055e-01,-7.451169839174290210e+00
5.719999999999999751e+00,6.819951941475288493e-02,-3.866589115953535938e+00
5.730000000000000426e+00,-1.506457101676628163e-02,-3.691356856046483226e-01
5.740000000000000213e+00,-7.614493220062859002e-01,2.937329690563466489e+00
5.750000000000000000e+00,-2.140242709051341397e+00,5.946810736213604009e+00
5.759999999999999787e+00,-4.103358634945371897e+00,8.553646188722900945e+00
5.770000000000000462e+00,-6.583790262529370274e+00,1.065580154612547759e+01
5.780000000000000249e+00,-9.494825776898229819e+00,1.215885143070792296e+01
5.790000000000000036e+00,-1.273025052235812993e+01,1.298044535970616487e+01
5.799999999999999822e+00,-1.616569840956539039e+01,1.305498607840028669e+01
5.810000000000000497e+00,-1.966123770381339497e+01,1.233820442899937753e+01
5.820000000000000284e+00,-2.306518736376438738e+01,1.081129214697476115e+01
5.830000000000000071e+00,-2.621906654649326285e+01,8.484256472321940024e+00
5.839999999999999858e+00,-2.896348874947956986e+01,5.398188635438295080e+00
5.850000000000000533e+00,-3.114473028465905458e+01,1.626190781066321422e+00
5.860000000000000320e+00,-3.262163674559344173e+01,-2.727220475046940429e+00
5.870000000000000107e+00,-3.327248613049776793e+01,-7.528325739792561144e+00
5.879999999999999893e+00,-3.300140713067497700e+01,-1.261802157186847850e+01
5.889999999999999680e+00,-3.174395781587593035e+01,-1.781713470293221135e+01
5.900000000000000355e+00,-2.947150363572425036e+01,-2.293302090667298643e+01
5.910000000000000142e+00,-2.619409244747260601e+01,-2.776714943602616259e+01
5.919999999999999929e+00,-2.196160449398834658e+01,-3.212330307224222992e+01
5.929999999999999716e+00,-1.686305166214697948e+01,-3.581597540190524143e+01
5.940000000000000391e+00,-1.102400655653479689e+01,-3.867852447471357635e+01
5.950000000000000178e+00,-4.602250836971983894e+00,-4.057064718650925528e+01
5.959999999999999964e+00,2.218163377019194193e+00,-4.138477133207801018e+01
5.969999999999999751e+00,9.234152357050517068e+00,-4.105102012886767682e+01
5.980000000000000426e+00,1.623177787980001341e+01,-3.954048324154533134e+01
5.990000000000000213e+00,2.299494767156975428e+01,-3.686662361936646448e+01
6.000000000000000000e+00,2.931419690693143565e+01,-3.308475443964969998e+01
6.009999999999999787e+00,3.499510816315843442e+01,-2.828962821093813318e+01
6.020000000000000462e+00,3.986595349531570065e+01,-2.261128364370643240e+01
6.030000000000000249e+00,4.378419291333654684e+01,-1.620938869143667915e+01
6.040000000000000036e+00,4.664153468651800694e+01,-9.266394532341127643e+00
6.049999999999999822e+00,4.836734946396164503e+01,-1.979870796751444617e+00
6.060000000000000497e+00,4.893032618733517580e+01,5.445575819583282851e+00
6.070000000000000284e+00,4.833835675578446001e+01,1.280639045377843743e+01
6.080000000000000071e+00,4.663673198673748743e+01,1.990777474751073584e+01
6.089999999999999858e+00,4.390481769094520104e+01,2.657065507967491413e+01
6.100000000000000533e+00,4.025145162096350759e+01,3.263762026672726080e+01
6.110000000000000320e+00,3.580935584067778166e+01,3.797760669092737373e+01
6.120000000000000107e+00,3.072889230517818859e+01,4.248918943481108812e+01
6.129999999999999893e+00,2.517150127014378214e+01,4.610242151967676705e+01
6.140000000000000568e+00,1.930315321782473603e+01,4.877924423188566294e+01
6.150000000000000355e+00,1.328811733150904573e+01,5.051256475983363714e+01
6.160000000000000142e+00,7.283306374648795156e+00,5.132415880030084310e+01
6.169999999999999929e+00,1.433403199090897306e+00,5.126160238114338341e+01
6.179999999999999716e+00,-4.133087407079389486e+00,5.039446711277925317e+01
6.190000000000000391e+00,-9.306781507536486586e+00,4.881002596946007088e+01
6.200000000000000178e+00,-1.399933479262461056e+01,4.660871332679658963e+01
6.209999999999999964e+00,-1.814437382851545877e+01,4.389956527723687429e+01
6.219999999999999751e+00,-2.169752205359989716e+01,4.079583703328329847e+01
6.230000000000000426e+00,-2.463563712028430430e+01,3.741095693601158700e+01
6.240000000000000213e+00,-2.695539802892069758e+01,3.385493492628229006e+01
6.250000000000000000e+00,-2.867138994820216880e+01,3.023130098284126888e+01
6.259999999999999787e+00,-2.981383273793120381e+01,2.663460932249829582e+01
6.270000000000000462e+00,-3.042608788982477108e+01,2.314850983764374348e+01
6.280000000000000249e+00,-3.056206038247717061e+01,1.984436127923712334e+01
6.290000000000000036e+00,-3.028358963999705011e+01,1.678034215080400315e+01
6.299999999999999822e+00,-2.965790026969033377e+01,1.400100531426787498e+01
6.310000000000000497e+00,-2.875516118832941714e+01,1.153722021319740243e+01
6.320000000000000284e+00,-2.764618332460075578e+01,9.406450954538025044e+00
6.330000000000000071e+00,-2.640027285976388782e+01,7.613327278561285993e+00
6.339999999999999858e+00,-2.508324973408604563e+01,6.150476405472014463e+00
6.350000000000000533e+00,-2.375563990132014780e+01,4.999594538981924963e+00
6.360000000000000320e+00,-2.247105379733439179e+01,4.132745289910835673e+00
6.370000000000000107e+00,-2.127477129393431809e+01,3.513876730500594459e+00
6.379999999999999893e+00,-2.020256314914487916e+01,3.100548068965268467e+00
6.390000000000000568e+00,-1.927978849093667435e+01,2.845850617630476975e+00
6.400000000000000355e+00,-1.852081500585383012e+01,2.700496142553713064e+00
6.410000000000000142e+00,-1.792881128210104791e+01,2.615029876087585858e+00
6.419999999999999929e+00,-1.749595764310620893e+01,2.542107117327360388e+00
6.429999999999999716e+00,-1.720411187493927940e+01,2.438753570703500184e+00
6.440000000000000391e+00,-1.702594930131673578e+01,2.268512764824127892e+00
6.450000000000000178e+00,-1.692657327864139205e+01,2.003371452913216277e+00
6.459999999999999964e+00,-1.686556372007405358e+01,1.625347996171464082e+00
6.469999999999999751e+00,-1.679939973383712370e+01,1.127631088758967337e+00
6.480000000000000426e+00,-1.668416041403660444e+01,5.151678637782786119e-01
6.490000000000000213e+00,-1.647837809531096553e+01,-1.953783023205346026e-01
6.500000000000000000e+00,-1.614589387942821119e+01,-9.763496867674009705e-01
6.509999999999999787e+00,-1.565854866732303918e+01,-1.790507391377329283e+00
6.520000000000000462e+00,-1.499853653672836096e+01,-2.593104239475539252e+00
6.530000000000000249e+00,-1.416025266998305021e+01,-3.334540334225715608e+00
6.540000000000000036e+00,-1.315148588312911215e+01,-3.963479633226996146e+00
6.549999999999999822e+00,-1.199383589671981554e+01,-4.430265765098204689e+00
6.560000000000000497e+00,-1.072227658175291154e+01,-4.690443053819086217e+00
6.570000000000000284e+00,-9.383836316488187279e+00,-4.708167362931519939e+00
6.580000000000000071e+00,-8.035422275839815498e+00,-4.459283316436337685e+00
6.589999999999999858e+00,-6.740873283027359442e+00,-3.933851220174948704e+00
6.600000000000000533e+00,-5.567381739875442825e+00,-3.137929088927008170e+00
6.610000000000000320e+00,-4.581474986341664390e+00,-2.094451952486309665e+00
6.620000000000000107e+00,-3.844786314521095427e+00,-8.431003157994559905e-01
6.629999999999999893e+00,-3.409872401137770126e+00,5.608905118769356157e-01
6.640000000000000568e+00,-3.316344556596863669e+00,2.048962199813295193e+00
6.650000000000000355e+00,-3.587574382194087086e+00,3.542419818024798328e+00
6.660000000000000142e+00,-4.228209832231422993e+00,4.956420484430142714e+00
6.669999999999999929e+00,-5.222696205950891901e+00,6.204553070879238241e+00
6.679999999999999716e+00,-6.534940395450457018e+00,7.203750594446971078e+00
6.690000000000000391e+00,-8.109189065962636889e+00,7.879244958124887788e+00
6.700000000000000178e+00,-9.872116546255938374e+00,8.169259746658905641e+00
6.709999999999999964e+00,-1.173604091482547140e+01,8.029142415846409975e+00
6.719999999999999751e+00,-1.360311226178195376e+01,7.434662702861950301e+00
6.730000000000000426e+00,-1.537025053019498344e+01,6.384248318175174575e+00
6.740000000000000213e+00,-1.693455643295930102e+01,4.899989505822902380e+00
6.750000000000000000e+00,-1.819888168894093283e+01,3.027317229185331637e+00
6.759999999999999787e+00,-1.907722715857317297e+01,8.333409353875975700e-01
6.770000000000000462e+00,-1.949964103145529393e+01,-1.596084211272064124e+00
6.780000000000000249e+00,-1.941631424274090278e+01,-4.160409649279805500e+00
6.790000000000000036e+00,-1.880061551029950806e+01,-6.749341589252860985e+00
6.799999999999999822e+00,-1.765087111240813300e+01,-9.248402002918654219e+00
6.810000000000000497e+00,-1.599077083228216267e+01,-1.154477768244342606e+01
6.820000000000000284e+00,-1.386836644643990724e+01,-1.353311156807849613e+01
6.830000000000000071e+00,-1.135371712387125953e+01,-1.512089183757810140e+01
6.839999999999999858e+00,-8.535321240985803470e+00,-1.623311805743485436e+01
6.850000000000000533e+00,-5.515550635964255655e+00,-1.681596862468844122e+01
6.860000000000000320e+00,-2.405365989354570910e+00,-1.683925691516645173e+01
6.870000000000000107e+00,6.813635040365098039e-01,-1.629754084447598572e+01
6.879999999999999893e+00,3.633589821426956412e+00,-1.520983677365395614e+01
6.890000000000000568e+00,6.348518567171380411e+00,-1.361797802465805596e+01
6.900000000000000355e+00,8.736420384668683425e+00,-1.158374463042457059e+01
6.910000000000000142e+00,1.072454177290453536e+01,-9.184968422495780160e+00
6.919999999999999929e+00,1.225989845710386383e+01,-6.510880842461143736e+00
6.929999999999999716e+00,1.331081126382240853e+01,-3.657015612714812569e+00
6.940000000000000391e+00,1.386713000653297811e+01,-7.200015680911878713e-01
6.950000000000000178e+00,1.393917922775874274e+01,2.207419002495734972e+00
6.959999999999999964e+00,1.355554459393422206e+01,5.040834130188990514e+00
6.969999999999999751e+00,1.275989436283379597e+01,7.707799951771412417e+00
6.980000000000000426e+00,1.160709136811223097e+01,1.015046672588653642e+01
6.990000000000000213e+00,1.015889316415181831e+01,1.232706314906316614e+01
7.000000000000000000e+00,8.479558472897387844e+00,1.421219292675441004e+01
7.009999999999999787e+00,6.631675562500742416e+00,1.579598341751688828e+01
7.020000000000000462e+00,4.672503017219712618e+00,1.708220781796488907e+01
7.030000000000000249e+00,2.651067520227002650e+00,1.808557392025420896e+01
7.040000000000000036e+00,6.062002535504857903e-01,1.882842882681359953e+01
7.049999999999999822e+00,-1.434381946126919605e+00,1.933716614437155101e+01
7.060000000000000497e+00,-3.453926820291058242e+00,1.963863751192297258e+01
7.070000000000000284e+00,-5.445487438438367356e+00,1.975686286240575029e+01
7.080000000000000071e+00,-7.409890123857671540e+00,1.971030427260659579e+01
7.089999999999999858e+00,-9.353032553451669173e+00,1.950991894661935433e+01
7.100000000000000533e+00,-1.128276527970643173e+01,1.915814158998812999e+01
7.110000000000000320e+00,-1.320564038877377655e+01,1.864887012861638738e+01
7.120000000000000107e+00,-1.512381947263758519e+01,1.796844718460495827e+01
7.129999999999999893e+00,-1.703241898044006319e+01,1.709754909982253324e+01
7.140000000000000568e+00,-1.891753543542074212e+01,1.601382068231089306e+01
7.150000000000000355e+00,-2.075513867511427790e+01,1.469503279826734676e+01
7.160000000000000142e+00,-2.251095231191522572e+01,1.312249605902509586e+01
7.169999999999999929e+00,-2.414136223359311728e+01,1.128444048698030322e+01
7.179999999999999716e+00,-2.559531209132038754e+01,9.179069979297899806e+00
7.190000000000000391e+00,-2.681706554415473676e+01,6.817021744860022991e+00
7.200000000000000178e+00,-2.774964453468690095e+01,4.223003108493943003e+00
7.209999999999999964e+00,-2.833869640665043832e+01,1.436438031668833215e+00
7.219999999999999751e+00,-2.853650454230676914e+01,-1.488971067281262606e+00
7.230000000000000426e+00,-2.830584032861760235e+01,-4.486779555345885129e+00
7.240000000000000213e+00,-2.762336000263141855e+01,-7.480365424632728022e+00
7.250000000000000000e+00,-2.648227793606324454e+01,-1.038637485549359241e+01
7.259999999999999787e+00,-2.489409619211864566e+01,-1.311883250253708333e+01
7.270000000000000462e+00,-2.288923520720850036e+01,-1.559364776505278272e+01
7.280000000000000249e+00,-2.051648745030047039e+01,-1.773321491628934510e+01
7.290000000000000036e+00,-1.784129923483331837e+01,-1.947079345588681676e+01
7.299999999999999822e+00,-1.494296937467317044e+01,-2.075436631874664073e+01
7.310000000000000497e+00,-1.191093094675366970e+01,-2.154970683554048350e+01
7.320000000000000284e+00,-8.840348354504223849e+00,-2.184243818175561458e+01
7.330000000000000071e+00,-5.827311351765907865e+00,-2.163893761712507313e+01
7.339999999999999858e+00,-2.963937085202861699e+00,-2.096601709636962951e+01
7.350000000000000533e+00,-3.336984311477062537e-01,-1.986939603977625879e+01
7.360000000000000320e+00,1.992718532849007573e+00,-1.841106505887864841e+01
7.370000000000000107e+00,3.960761976478082147e+00,-1.666571522183273402e+01
7.379999999999999893e+00,5.534356328862618746e+00,-1.471647055706034735e+01
7.390000000000000568e+00,6.697098658932669757e+00,-1.265020743479881205e+01
7.400000000000000355e+00,7.452248795373519918e+00,-1.055277002464483971e+01
7.410000000000000142e+00,7.821535711841227645e+00,-8.504394510367632165e+00
7.419999999999999929e+00,7.842883408568739334e+00,-6.575636089786385696e+00
7.429999999999999716e+00,7.567231973245252874e+00,-4.824053558691509203e+00
7.440000000000000391e+00,7.054688556750524420e+00,-3.291849528024910043e+00
7.450000000000000178e+00,6.370284541907932585e+00,-2.004594360150523169e+00
7.459999999999999964e+00,5.579636433415864794e+00,-9.710839619513138565e-01
7.469999999999999751e+00,4.744807692734769766e+00,-1.843013930013614743e-01
7.480000000000000426e+00,3.920647218367246722e+00,3.766243180596802187e-01
7.490000000000000213e+00,3.151839318664112266e+00,7.436362027623631965e-01
7.500000000000000000e+00,2.470843124397160917e+00,9.563718520882564800e-01
7.509999999999999787e+00,1.896830858141180354e+00,1.058454035299137397e+00
7.520000000000000462e+00,1.435659423326013817e+00,1.093729244559955127e+00
7.530000000000000249e+00,1.080833996585559564e+00,1.102729437264995394e+00
7.540000000000000036e+00,8.153512728698331102e-01,1.119607739206237351e+00
7.549999999999999822e+00,6.142488516809552213e-01,1.169756568288788934e+00
7.560000000000000497e+00,4.476402762916147360e-01,1.268259998753580087e+00
7.570000000000000284e+00,2.839856333761459073e-01,1.419265669356440940e+00
7.580000000000000071e+00,9.333723269498250819e-02,1.616290258434564642e+00
7.589999999999999858e+00,-1.496908979705480203e-01,1.843401878929910476e+00
7.600000000000000533e+00,-4.634532237222970252e-01,2.077157919294612576e+00
7.610000000000000320e+00,-8.574823002496361202e-01,2.289122574114020203e+00
7.620000000000000107e+00,-1.331501086090373764e+00,2.448748403015676089e+00
7.629999999999999893e+00,-1.875296878359183683e+00,2.526383419340757719e+00
7.640000000000000568e+00,-2.469448260988347688e+00,2.496160812309641930e+00
7.650000000000000355e+00,-3.086830936193882380e+00,2.338542421172179253e+00
7.660000000000000142e+00,-3.694769651072181027e+00,2.042318110225927352e+00
7.669999999999999929e+00,-4.257655888387086307e+00,1.605908602501585625e+00
7.679999999999999716e+00,-4.739817913386474402e+00,1.037875459769889375e+00
7.690000000000000391e+00,-5.108413368148015721e+00,3.566043608303249846e-01
7.700000000000000178e+00,-5.336115812173362727e+00,-4.108081465824123812e-01
7.709999999999999964e+00,-5.403385028813167956e+00,-1.230373464683668594e+00
7.719999999999999751e+00,-5.300144888538669719e+00,-2.063591315033844964e+00
7.730000000000000426e+00,-5.026739298319835569e+00,-2.870206107154681163e+00
7.740000000000000213e+00,-4.594092595418261205e+00,-3.611126652380238777e+00
7.750000000000000000e+00,-4.023061385076255547e+00,-4.251285670908255376e+00
7.759999999999999787e+00,-3.343025721224821112e+00,-4.762221396730512701e+00
7.770000000000000462e+00,-2.589824199473893085e+00,-5.124185505629661463e+00
7.780000000000000249e+00,-1.803185877996718922e+00,-5.327617720548547098e+00
7.790000000000000036e+00,-1.023848555271387184e+00,-5.373874927714530791e+00
7.799999999999999822e+00,-2.905753240536548265e-01,-5.275157834374872401e+00
7.810000000000000497e+00,3.627119210513722880e-01,-5.053636992001151462e+00
7.820000000000000284e+00,9.094724702328955690e-01,-4.739838093723665935e+00
7.830000000000000071e+00,1.332574835734645191e+00,-4.370399663072023877e+00
7.839999999999999858e+00,1.625664529401305902e+00,-3.985360847452978916e+00
7.850000000000000533e+00,1.793770576543465278e+00,-3.625169970641492601e+00
7.860000000000000320e+00,1.853103723199149400e+00,-3.327623633982536688e+00
7.870000000000000107e+00,1.830055992448424540e+00,-3.124950361483780803e+00
7.879999999999999893e+00,1.759466654809321629e+00,-3.041242014842429509e+00
7.890000000000000568e+00,1.682269950327904162e+00,-3.090411471278139643e+00
7.900000000000000355e+00,1.642681634852257044e+00,-3.274818326477393349e+00
7.910000000000000142e+00,1.685111893543846051e+00,-3.584658415372502738e+00
7.919999999999999929e+00,1.851009491467437984e+00,-3.998161069544361013e+00
7.930000000000000604e+00,2.175845289277211325e+00,-4.482583913262594422e+00
7.940000000000000391e+00,2.686432508137877928e+00,-4.995942364485420839e+00
7.950000000000000178e+00,3.398757405984973445e+00,-5.489363378764630319e+00
7.959999999999999964e+00,4.316459208427724903e+00,-5.909913443979512238e+00
7.969999999999999751e+00,5.430054804758234432e+00,-6.203721859027796270e+00
7.980000000000000426e+00,6.716954957447117458e+00,-6.319203584821871722e+00
7.990000000000000213e+00,8.142267942218360588e+00,-6.210182245346456575e+00
8.000000000000000000e+00,9.660337033341134472e+00,-5.838723088405843420e+00
