energy_au,energy_eV,re_eps_z,im_eps_z
0.00100000,0.02721139,-9.743838027214e+03,2.125650517884e+05
0.00200000,0.05442277,-9.737781681431e+03,1.060085922825e+05
0.00300000,0.08163416,-9.727689979053e+03,7.036821720671e+04
0.00400000,0.10884554,-9.713566238080e+03,5.245708045847e+04
0.00500000,0.13605693,-9.695415117897e+03,4.163788242240e+04
0.00600000,0.16326832,-9.673242633372e+03,3.436491464152e+04
0.00700000,0.19047970,-9.647056172873e+03,2.911863764422e+04
0.00800000,0.21769109,-9.616864520102e+03,2.513932541433e+04
0.00900000,0.24490248,-9.582677879657e+03,2.200494689157e+04
0.01000000,0.27211386,-9.544507906179e+03,1.946231857943e+04
0.01100000,0.29932525,-9.502367736957e+03,1.735035573613e+04
0.01200000,0.32653663,-9.456272027824e+03,1.556169797338e+04
0.01300000,0.35374802,-9.406236992166e+03,1.402204611870e+04
0.01400000,0.38095941,-9.352280442855e+03,1.267835470780e+04
0.01500000,0.40817079,-9.294421836893e+03,1.149174747790e+04
0.01600000,0.43538218,-9.232682322541e+03,1.043308954747e+04
0.01700000,0.46259357,-9.167084788703e+03,9.480122350887e+03
0.01800000,0.48980495,-9.097653916302e+03,8.615553588421e+03
0.01900000,0.51701634,-9.024416231389e+03,7.825750342016e+03
0.02000000,0.54422772,-8.947400159709e+03,7.099824247313e+03
0.02100000,0.57143911,-8.866636082428e+03,6.428978034843e+03
0.02200000,0.59865050,-8.782156392738e+03,5.806030275936e+03
0.02300000,0.62586188,-8.693995553017e+03,5.225064095601e+03
0.02400000,0.65307327,-8.602190152241e+03,4.681163693866e+03
0.02500000,0.68028466,-8.506778963325e+03,4.170214087791e+03
0.02600000,0.70749604,-8.407803000058e+03,3.688747051823e+03
0.02700000,0.73470743,-8.305305573312e+03,3.233821277830e+03
0.02800000,0.76191881,-8.199332346183e+03,2.802928198627e+03
0.02900000,0.78913020,-8.089931387723e+03,2.393917279163e+03
0.03000000,0.81634159,-7.977153224942e+03,2.004936231765e+03
0.03100000,0.84355297,-7.861050892714e+03,1.634382784431e+03
0.03200000,0.87076436,-7.741679981277e+03,1.280865473916e+03
0.03300000,0.89797575,-7.619098680978e+03,9.431715483388e+02
0.03400000,0.92518713,-7.493367823935e+03,6.202405146941e+02
0.03500000,0.95239852,-7.364550922287e+03,3.111422015036e+02
0.03600000,0.97960990,-7.232714202722e+03,1.505845792356e+01
0.03700000,1.00682129,-7.097926636962e+03,-2.687321993250e+02
0.03800000,1.03403268,-6.960259967901e+03,-5.408675348075e+02
0.03900000,1.06124406,-6.819788731105e+03,-8.019125710480e+02
0.04000000,1.08845545,-6.676590271390e+03,-1.052368938592e+03
0.04100000,1.11566684,-6.530744754206e+03,-1.292682877543e+03
0.04200000,1.14287822,-6.382335171562e+03,-1.523252115610e+03
0.04300000,1.17008961,-6.231447342257e+03,-1.744431805797e+03
0.04400000,1.19730099,-6.078169906180e+03,-1.956539673471e+03
0.04500000,1.22451238,-5.922594312462e+03,-2.159860495877e+03
0.04600000,1.25172377,-5.764814801293e+03,-2.354650015695e+03
0.04700000,1.27893515,-5.604928379211e+03,-2.541138372867e+03
0.04800000,1.30614654,-5.443034787713e+03,-2.719533124820e+03
0.04900000,1.33335793,-5.279236465036e+03,-2.890021913687e+03
0.05000000,1.36056931,-5.113638500994e+03,-3.052774829689e+03
0.05100000,1.38778070,-4.946348584761e+03,-3.207946512074e+03
0.05200000,1.41499208,-4.777476945529e+03,-3.355678022528e+03
0.05300000,1.44220347,-4.607136285970e+03,-3.496098520708e+03
0.05400000,1.46941486,-4.435441708481e+03,-3.629326767021e+03
0.05500000,1.49662624,-4.262510634184e+03,-3.755472474095e+03
0.05600000,1.52383763,-4.088462714693e+03,-3.874637525265e+03
0.05700000,1.55104902,-3.913419736689e+03,-3.986917075735e+03
0.05800000,1.57826040,-3.737505519347e+03,-4.092400549891e+03
0.05900000,1.60547179,-3.560845804700e+03,-4.191172546347e+03
0.06000000,1.63268317,-3.383568141043e+03,-4.283313660695e+03
0.06100000,1.65989456,-3.205801759502e+03,-4.368901234608e+03
0.06200000,1.68710595,-3.027677443909e+03,-4.448010038725e+03
0.06300000,1.71431733,-2.849327394180e+03,-4.520712895828e+03
0.06400000,1.74152872,-2.670885083356e+03,-4.587081249896e+03
0.06500000,1.76874011,-2.492485108564e+03,-4.647185685952e+03
0.06600000,1.79595149,-2.314263036101e+03,-4.701096404950e+03
0.06700000,1.82316288,-2.136355240937e+03,-4.748883657421e+03
0.06800000,1.85037426,-1.958898740894e+03,-4.790618139142e+03
0.06900000,1.87758565,-1.782031025823e+03,-4.826371351663e+03
0.07000000,1.90479704,-1.605889882094e+03,-4.856215930196e+03
0.07100000,1.93200842,-1.430613212740e+03,-4.880225941076e+03
0.07200000,1.95921981,-1.256338853628e+03,-4.898477150715e+03
0.07300000,1.98643120,-1.083204386020e+03,-4.911047267778e+03
0.07400000,2.01364258,-9.113469459280e+02,-4.918016160090e+03
0.07500000,2.04085397,-7.409030306774e+02,-4.919466047632e+03
0.07600000,2.06806535,-5.720083030906e+02,-4.915481672825e+03
0.07700000,2.09527674,-4.047973937387e+02,-4.906150449197e+03
0.07800000,2.12248813,-2.394037017074e+02,-4.891562589390e+03
0.07900000,2.14969951,-7.595919433672e+01,-4.871811213413e+03
0.08000000,2.17691090,8.540579359489e+01,-4.846992437930e+03
0.08100000,2.20412229,2.445627607647e+02,-4.817205447333e+03
0.08200000,2.23133367,4.013852397941e+02,-4.782552547284e+03
0.08300000,2.25854506,5.557489968412e+02,-4.743139201370e+03
0.08400000,2.28575644,7.075322298044e+02,-4.699074051467e+03
0.08500000,2.31296783,8.566157646415e+02,-4.650468922389e+03
0.08600000,2.34017922,1.002883249307e+03,-4.597438811367e+03
0.08700000,2.36739060,1.146221344810e+03,-4.540101862886e+03
0.08800000,2.39460199,1.286519912903e+03,-4.478579329396e+03
0.08900000,2.42181338,1.423672199907e+03,-4.412995518399e+03
0.09000000,2.44902476,1.557575016187e+03,-4.343477726403e+03
0.09100000,2.47623615,1.688128910800e+03,-4.270156160247e+03
0.09200000,2.50344753,1.815238340850e+03,-4.193163846281e+03
0.09300000,2.53065892,1.938811835078e+03,-4.112636527897e+03
0.09400000,2.55787031,2.058762151246e+03,-4.028712551909e+03
0.09500000,2.58508169,2.175006426873e+03,-3.941532744278e+03
0.09600000,2.61229308,2.287466322900e+03,-3.851240275706e+03
0.09700000,2.63950447,2.396068159871e+03,-3.757980517590e+03
0.09800000,2.66671585,2.500743046254e+03,-3.661900888876e+03
0.09900000,2.69392724,2.601426998501e+03,-3.563150694343e+03
0.10000000,2.72113862,2.698061052517e+03,-3.461880954843e+03
0.10100000,2.74835001,2.790591366191e+03,-3.358244230067e+03
0.10200000,2.77556140,2.878969312678e+03,-3.252394434367e+03
0.10300000,2.80277278,2.963151564141e+03,-3.144486646225e+03
0.10400000,2.82998417,3.043100165687e+03,-3.034676911922e+03
0.10500000,2.85719556,3.118782599255e+03,-2.923122044001e+03
0.10600000,2.88440694,3.190171837240e+03,-2.809979415096e+03
0.10700000,2.91161833,3.257246385659e+03,-2.695406747737e+03
0.10800000,2.93882971,3.319990316694e+03,-2.579561900715e+03
0.10900000,2.96604110,3.378393290486e+03,-2.462602652614e+03
0.11000000,2.99325249,3.432450566061e+03,-2.344686483117e+03
0.11100000,3.02046387,3.482163001310e+03,-2.225970352683e+03
0.11200000,3.04767526,3.527537041985e+03,-2.106610481213e+03
0.11300000,3.07488665,3.568584699669e+03,-1.986762126308e+03
0.11400000,3.10209803,3.605323518752e+03,-1.866579361718e+03
0.11500000,3.12930942,3.637776532433e+03,-1.746214856586e+03
0.11600000,3.15652080,3.665972207827e+03,-1.625819656090e+03
0.11700000,3.18373219,3.689944380269e+03,-1.505542964058e+03
0.11800000,3.21094358,3.709732176949e+03,-1.385531928158e+03
0.11900000,3.23815496,3.725379930024e+03,-1.265931428215e+03
0.12000000,3.26536635,3.736937079405e+03,-1.146883868236e+03
0.12100000,3.29257774,3.744458065422e+03,-1.028528972686e+03
0.12200000,3.31978912,3.748002211618e+03,-9.110035875496e+02
0.12300000,3.34700051,3.747633597933e+03,-7.944414867101e+02
0.12400000,3.37421189,3.743420924576e+03,-6.789731841443e+02
0.12500000,3.40142328,3.735437366913e+03,-5.647257524282e+02
0.12600000,3.42863467,3.723760421704e+03,-4.518226480208e+02
0.12700000,3.45584605,3.708471745074e+03,-3.403835437783e+02
0.12800000,3.48305744,3.689656982596e+03,-2.305241691270e+02
0.12900000,3.51026883,3.667405591913e+03,-1.223561583012e+02
0.13000000,3.53748021,3.641810658331e+03,-1.598690703033e+01
0.13100000,3.56469160,3.612968703823e+03,8.848056196765e+01
0.13200000,3.59190298,3.580979489946e+03,1.909477243532e+02
0.13300000,3.61911437,3.545945815126e+03,2.913206700864e+02
0.13400000,3.64632576,3.507973306840e+03,3.895102096246e+02
0.13500000,3.67353714,3.467170209199e+03,4.854319701448e+02
0.13600000,3.70074853,3.423647166465e+03,5.790064815696e+02
0.13700000,3.72795992,3.377517003044e+03,6.701592522060e+02
0.13800000,3.75517130,3.328894500498e+03,7.588208338318e+02
0.13900000,3.78238269,3.277896172133e+03,8.449268761017e+02
0.14000000,3.80959407,3.224640035732e+03,9.284181701680e+02
0.14100000,3.83680546,3.169245384985e+03,1.009240681449e+03
0.14200000,3.86401685,3.111832560189e+03,1.087345571505e+03
0.14300000,3.89122823,3.052522718788e+03,1.162689209010e+03
0.14400000,3.91843962,2.991437606312e+03,1.235233169854e+03
0.14500000,3.94565101,2.928699328283e+03,1.304944226407e+03
0.14600000,3.97286239,2.864430123645e+03,1.371794326062e+03
0.14700000,4.00007378,2.798752140261e+03,1.435760559136e+03
0.14800000,4.02728516,2.731787213035e+03,1.496825116301e+03
0.14900000,4.05449655,2.663656645178e+03,1.554975235703e+03
0.15000000,4.08170794,2.594480993148e+03,1.610203139982e+03
0.15100000,4.10891932,2.524379855767e+03,1.662505963410e+03
0.15200000,4.13613071,2.453471668018e+03,1.711885669420e+03
0.15300000,4.16334210,2.381873499984e+03,1.758348958793e+03
0.15400000,4.19055348,2.309700861414e+03,1.801907168828e+03
0.15500000,4.21776487,2.237067512328e+03,1.842576163812e+03
0.15600000,4.24497625,2.164085280112e+03,1.880376217153e+03
0.15700000,4.27218764,2.090863883481e+03,1.915331885562e+03
0.15800000,4.29939903,2.017510763701e+03,1.947471875657e+03
0.15900000,4.32661041,1.944130923419e+03,1.976828903433e+03
0.16000000,4.35382180,1.870826773434e+03,2.003439547013e+03
0.16100000,4.38103319,1.797697987710e+03,2.027344093142e+03
0.16200000,4.40824457,1.724841366910e+03,2.048586377882e+03
0.16300000,4.43545596,1.652350710706e+03,2.067213621984e+03
0.16400000,4.46266734,1.580316699086e+03,2.083276261445e+03
0.16500000,4.48987873,1.508826782850e+03,2.096827773718e+03
0.16600000,4.51709012,1.437965083465e+03,2.107924500117e+03
0.16700000,4.54430150,1.367812302424e+03,2.116625464902e+03
0.16800000,4.57151289,1.298445640198e+03,2.122992191587e+03
0.16900000,4.59872428,1.229938724884e+03,2.127088516976e+03
0.17000000,4.62593566,1.162361550582e+03,2.128980403457e+03
0.17100000,4.65314705,1.095780425526e+03,2.128735750088e+03
0.17200000,4.68035843,1.030257929962e+03,2.126424202975e+03
0.17300000,4.70756982,9.658528837367e+02,2.122116965476e+03
0.17400000,4.73478121,9.026203235251e+02,2.115886608746e+03
0.17500000,4.76199259,8.406114896048e+02,2.107806883116e+03
0.17600000,4.78920398,7.798738220578e+02,2.097952530810e+03
0.17700000,4.81641537,7.204509662474e+02,2.086399100496e+03
0.17800000,4.84362675,6.623827873952e+02,2.073222764126e+03
0.17900000,4.87083814,6.057053940582e+02,2.058500136556e+03
0.18000000,4.89804952,5.504511702801e+02,2.042308098363e+03
0.18100000,4.92526091,4.966488161677e+02,2.024723622323e+03
0.18200000,4.95247230,4.443233966213e+02,2.005823603939e+03
0.18300000,4.97968368,3.934963979251e+02,1.985684696431e+03
0.18400000,5.00689507,3.441857918858e+02,1.964383150568e+03
0.18500000,5.03410646,2.964061071858e+02,1.941994659689e+03
0.18600000,5.06131784,2.501685076022e+02,1.918594210251e+03
0.18700000,5.08852923,2.054808767251e+02,1.894255938231e+03
0.18800000,5.11574061,1.623479087934e+02,1.869052991653e+03
0.18900000,5.14295200,1.207712052551e+02,1.843057399520e+03
0.19000000,5.17016339,8.074937664422e+01,1.816339947386e+03
0.19100000,5.19737477,4.227814935893e+01,1.788970059793e+03
0.19200000,5.22458616,5.350476913452e+00,1.761015689749e+03
0.19300000,5.25179755,-3.004334476768e+01,1.732543215432e+03
0.19400000,5.27900893,-6.391555845266e+01,1.703617344244e+03
0.19500000,5.30622032,-9.628082354536e+01,1.674301024331e+03
0.19600000,5.33343170,-1.271560913136e+02,1.644655363660e+03
0.19700000,5.36064309,-1.565604778491e+02,1.614739556712e+03
0.19800000,5.38785448,-1.845151352051e+02,1.584610818816e+03
0.19900000,5.41506586,-2.110431211552e+02,1.554324328148e+03
0.20000000,5.44227725,-2.361692680124e+02,1.523933175358e+03
0.20100000,5.46948864,-2.599200509454e+02,1.493488320796e+03
0.20200000,5.49670002,-2.823234562165e+02,1.463038559266e+03
0.20300000,5.52391141,-3.034088497653e+02,1.432630492209e+03
0.20400000,5.55112279,-3.232068465441e+02,1.402308507207e+03
0.20500000,5.57833418,-3.417491810086e+02,1.372114764664e+03
0.20600000,5.60554557,-3.590685791477e+02,1.342089191504e+03
0.20700000,5.63275695,-3.751986324292e+02,1.312269481715e+03
0.20800000,5.65996834,-3.901736740190e+02,1.282691103510e+03
0.20900000,5.68717973,-4.040286576179e+02,1.253387312921e+03
0.21000000,5.71439111,-4.167990392440e+02,1.224389173554e+03
0.21100000,5.74160250,-4.285206622693e+02,1.195725582269e+03
0.21200000,5.76881388,-4.392296460014e+02,1.167423300508e+03
0.21300000,5.79602527,-4.489622780824e+02,1.139506990981e+03
0.21400000,5.82323666,-4.577549109566e+02,1.111999259421e+03
0.21500000,5.85044804,-4.656438626379e+02,1.084920701088e+03
0.21600000,5.87765943,-4.726653219863e+02,1.058289951707e+03
0.21700000,5.90487082,-4.788552586824e+02,1.032123742508e+03
0.21800000,5.93208220,-4.842493380657e+02,1.006436959028e+03
0.21900000,5.95929359,-4.888828409799e+02,9.812427033433e+02
0.22000000,5.98650497,-4.927905887479e+02,9.565523593654e+02
0.22100000,6.01371636,-4.960068733744e+02,9.323756608650e+02
0.22200000,6.04092775,-4.985653930524e+02,9.087207618629e+02
0.22300000,6.06813913,-5.004991930278e+02,8.855943090362e+02
0.22400000,6.09535052,-5.018406118531e+02,8.630015157866e+02
0.22500000,6.12256191,-5.026212330400e+02,8.409462376207e+02
0.22600000,6.14977329,-5.028718420983e+02,8.194310484950e+02
0.22700000,6.17698468,-5.026223889278e+02,7.984573177844e+02
0.22800000,6.20419606,-5.019019555086e+02,7.780252875385e+02
0.22900000,6.23140745,-5.007387288155e+02,7.581341496973e+02
0.23000000,6.25861884,-4.991599788625e+02,7.387821229482e+02
0.23100000,6.28583022,-4.971920417646e+02,7.199665289146e+02
0.23200000,6.31304161,-4.948603076855e+02,7.016838673763e+02
0.23300000,6.34025300,-4.921892135244e+02,6.839298902391e+02
0.23400000,6.36746438,-4.892022401768e+02,6.666996739755e+02
0.23500000,6.39467577,-4.859219141908e+02,6.499876902818e+02
0.23600000,6.42188715,-4.823698136244e+02,6.337878747034e+02
0.23700000,6.44909854,-4.785665778982e+02,6.180936930014e+02
0.23800000,6.47630993,-4.745319214240e+02,6.028982050467e+02
0.23900000,6.50352131,-4.702846507809e+02,5.881941260449e+02
0.24000000,6.53073270,-4.658426851982e+02,5.739738849151e+02
0.24100000,6.55794409,-4.612230800994e+02,5.602296796590e+02
0.24200000,6.58515547,-4.564420534510e+02,5.469535295803e+02
0.24300000,6.61236686,-4.515150146561e+02,5.341373242275e+02
0.24400000,6.63957824,-4.464565957268e+02,5.217728689566e+02
0.24500000,6.66678963,-4.412806844677e+02,5.098519270248e+02
0.24600000,6.69400102,-4.360004593971e+02,4.983662581494e+02
0.24700000,6.72121240,-4.306284261363e+02,4.873076534802e+02
0.24800000,6.74842379,-4.251764549931e+02,4.766679669578e+02
0.24900000,6.77563518,-4.196558194710e+02,4.664391430426e+02
0.25000000,6.80284656,-4.140772354346e+02,4.566132408232e+02
0.25100000,6.83005795,-4.084509006690e+02,4.471824545272e+02
0.25200000,6.85726933,-4.027865345739e+02,4.381391304756e+02
0.25300000,6.88448072,-3.970934177398e+02,4.294757805404e+02
0.25400000,6.91169211,-3.913804311606e+02,4.211850921783e+02
0.25500000,6.93890349,-3.856560948459e+02,4.132599351330e+02
0.25600000,6.96611488,-3.799286056054e+02,4.056933649111e+02
0.25700000,6.99332627,-3.742058737857e+02,3.984786231496e+02
0.25800000,7.02053765,-3.684955587544e+02,3.916091350121e+02
0.25900000,7.04774904,-3.628051029354e+02,3.850785037558e+02
0.26000000,7.07496042,-3.571417642127e+02,3.788805026296e+02
0.26100000,7.10217181,-3.515126465329e+02,3.730090642704e+02
0.26200000,7.12938320,-3.459247285512e+02,3.674582677771e+02
0.26300000,7.15659458,-3.403848901787e+02,3.622223236475e+02
0.26400000,7.18380597,-3.348999369046e+02,3.572955567751e+02
0.26500000,7.21101736,-3.294766217810e+02,3.526723877052e+02
0.26600000,7.23822874,-3.241216649757e+02,3.483473123588e+02
0.26700000,7.26544013,-3.188417708103e+02,3.443148804348e+02
0.26800000,7.29265151,-3.136436422213e+02,3.405696727059e+02
0.26900000,7.31986290,-3.085339925933e+02,3.371062774250e+02
0.27000000,7.34707429,-3.035195549341e+02,3.339192660608e+02
0.27100000,7.37428567,-2.986070883724e+02,3.310031685799e+02
0.27200000,7.40149706,-2.938033819795e+02,3.283524484943e+02
0.27300000,7.42870845,-2.891152559283e+02,3.259614778875e+02
0.27400000,7.45591983,-2.845495600195e+02,3.238245126326e+02
0.27500000,7.48313122,-2.801131696211e+02,3.219356680101e+02
0.27600000,7.51034260,-2.758129790792e+02,3.202888949267e+02
0.27700000,7.53755399,-2.716558926752e+02,3.188779569333e+02
0.27800000,7.56476538,-2.676488132154e+02,3.176964082300e+02
0.27900000,7.59197676,-2.637986283534e+02,3.167375728407e+02
0.28000000,7.61918815,-2.601121947584e+02,3.159945251289e+02
0.28100000,7.64639954,-2.565963202527e+02,3.154600718188e+02
0.28200000,7.67361092,-2.532577440529e+02,3.151267356731e+02
0.28300000,7.70082231,-2.501031152617e+02,3.149867409705e+02
0.28400000,7.72803369,-2.471389697620e+02,3.150320009120e+02
0.28500000,7.75524508,-2.443717056773e+02,3.152541070747e+02
0.28600000,7.78245647,-2.418075575686e+02,3.156443210180e+02
0.28700000,7.80966785,-2.394525695437e+02,3.161935681345e+02
0.28800000,7.83687924,-2.373125674606e+02,3.168924338237e+02
0.28900000,7.86409063,-2.353931304134e+02,3.177311620555e+02
0.29000000,7.89130201,-2.336995616889e+02,3.186996563713e+02
0.29100000,7.91851340,-2.322368593885e+02,3.197874833626e+02
0.29200000,7.94572478,-2.310096869089e+02,3.209838786482e+02
0.29300000,7.97293617,-2.300223434777e+02,3.222777553579e+02
0.29400000,8.00014756,-2.292787349373e+02,3.236577151183e+02
0.29500000,8.02735894,-2.287823449719e+02,3.251120615195e+02
0.29600000,8.05457033,-2.285362069679e+02,3.266288160294e+02
0.29700000,8.08178172,-2.285428766954e+02,3.281957363072e+02
0.29800000,8.10899310,-2.288044059944e+02,3.298003368569e+02
0.29900000,8.13620449,-2.293223176445e+02,3.314299119441e+02
0.30000000,8.16341587,-2.300975815889e+02,3.330715606926e+02
0.30100000,8.19062726,-2.311305926806e+02,3.347122142594e+02
0.30200000,8.21783865,-2.324211501060e+02,3.363386649801e+02
0.30300000,8.24505003,-2.339684386365e+02,3.379375973616e+02
0.30400000,8.27226142,-2.357710118483e+02,3.394956207928e+02
0.30500000,8.29947281,-2.378267774404e+02,3.409993038297e+02
0.30600000,8.32668419,-2.401329847707e+02,3.424352099076e+02
0.30700000,8.35389558,-2.426862147183e+02,3.437899343200e+02
0.30800000,8.38110696,-2.454823719713e+02,3.450501422998e+02
0.30900000,8.40831835,-2.485166798231e+02,3.462026080317e+02
0.31000000,8.43552974,-2.517836775511e+02,3.472342544163e+02
0.31100000,8.46274112,-2.552772204384e+02,3.481321934053e+02
0.31200000,8.48995251,-2.589904824852e+02,3.488837667210e+02
0.31300000,8.51716389,-2.629159618436e+02,3.494765867714e+02
0.31400000,8.54437528,-2.670454889969e+02,3.498985775688e+02
0.31500000,8.57158667,-2.713702376910e+02,3.501380154620e+02
0.31600000,8.59879805,-2.758807386105e+02,3.501835694869e+02
0.31700000,8.62600944,-2.805668957806e+02,3.500243411468e+02
0.31800000,8.65322083,-2.854180056622e+02,3.496499034311e+02
0.31900000,8.68043221,-2.904227788930e+02,3.490503388851e+02
0.32000000,8.70764360,-2.955693646169e+02,3.482162765486e+02
0.32100000,8.73485498,-3.008453773290e+02,3.471389275833e+02
0.32200000,8.76206637,-3.062379261532e+02,3.458101194138e+02
0.32300000,8.78927776,-3.117336464562e+02,3.442223282173e+02
0.32400000,8.81648914,-3.173187336910e+02,3.423687095975e+02
0.32500000,8.84370053,-3.229789793519e+02,3.402431272918e+02
0.32600000,8.87091192,-3.286998089125e+02,3.378401797649e+02
0.32700000,8.89812330,-3.344663216096e+02,3.351552245538e+02
0.32800000,8.92533469,-3.402633319238e+02,3.321844002372e+02
0.32900000,8.95254607,-3.460754126044e+02,3.289246459123e+02
0.33000000,8.97975746,-3.518869390725e+02,3.253737180749e+02
0.33100000,9.00696885,-3.576821350339e+02,3.215302048069e+02
0.33200000,9.03418023,-3.634451191259e+02,3.173935371890e+02
0.33300000,9.06139162,-3.691599524149e+02,3.129639978686e+02
0.33400000,9.08860301,-3.748106865609e+02,3.082427267235e+02
0.33500000,9.11581439,-3.803814124581e+02,3.032317235762e+02
0.33600000,9.14302578,-3.858563091590e+02,2.979338479256e+02
0.33700000,9.17023716,-3.912196928902e+02,2.923528156766e+02
0.33800000,9.19744855,-3.964560659608e+02,2.864931928599e+02
0.33900000,9.22465994,-4.015501653725e+02,2.803603863491e+02
0.34000000,9.25187132,-4.064870109334e+02,2.739606315928e+02
0.34100000,9.27908271,-4.112519526851e+02,2.673009773954e+02
0.34200000,9.30629410,-4.158307174509e+02,2.603892677900e+02
0.34300000,9.33350548,-4.202094543201e+02,2.532341210613e+02
0.34400000,9.36071687,-4.243747788832e+02,2.458449059884e+02
0.34500000,9.38792825,-4.283138160430e+02,2.382317153888e+02
0.34600000,9.41513964,-4.320142412271e+02,2.304053370561e+02
0.34700000,9.44235103,-4.354643198383e+02,2.223772221972e+02
0.34800000,9.46956241,-4.386529447827e+02,2.141594514826e+02
0.34900000,9.49677380,-4.415696719278e+02,2.057646988355e+02
0.35000000,9.52398519,-4.442047533466e+02,1.972061930949e+02
0.35100000,9.55119657,-4.465491682161e+02,1.884976776945e+02
0.35200000,9.57840796,-4.485946512484e+02,1.796533685127e+02
0.35300000,9.60561934,-4.503337185406e+02,1.706879100494e+02
0.35400000,9.63283073,-4.517596907423e+02,1.616163300998e+02
0.35500000,9.66004212,-4.528667134515e+02,1.524539930951e+02
0.35600000,9.68725350,-4.536497747577e+02,1.432165522907e+02
0.35700000,9.71446489,-4.541047198672e+02,1.339199009825e+02
0.35800000,9.74167628,-4.542282627546e+02,1.245801229395e+02
0.35900000,9.76888766,-4.540179947983e+02,1.152134422423e+02
0.36000000,9.79609905,-4.534723903697e+02,1.058361727179e+02
0.36100000,9.82331043,-4.525908093591e+02,9.646466716622e+01
0.36200000,9.85052182,-4.513734966324e+02,8.711526656974e+01
0.36300000,9.87773321,-4.498215784276e+02,7.780424948142e+01
0.36400000,9.90494459,-4.479370557101e+02,6.854778178215e+01
0.36500000,9.93215598,-4.457227945201e+02,5.936186699811e+01
0.36600000,9.95936737,-4.431825133574e+02,5.026229736563e+01
0.36700000,9.98657875,-4.403207676589e+02,4.126460582726e+01
0.36800000,10.01379014,-4.371429314389e+02,3.238401913843e+01
0.36900000,10.04100152,-4.336551761714e+02,2.363541225929e+01
0.37000000,10.06821291,-4.298644470049e+02,1.503326419987e+01
0.37100000,10.09542430,-4.257784364117e+02,6.591615480871e+00
0.37200000,10.12263568,-4.214055553830e+02,-1.675972635394e+00
0.37300000,10.14984707,-4.167549022902e+02,-9.756456996911e+00
0.37400000,10.17705846,-4.118362295428e+02,-1.763734935823e+01
0.37500000,10.20426984,-4.066599081815e+02,-2.530675099161e+01
0.37600000,10.23148123,-4.012368905519e+02,-3.275338499296e+01
0.37700000,10.25869261,-3.955786712120e+02,-3.996662617256e+01
0.37800000,10.28590400,-3.896972462343e+02,-4.693652843083e+01
0.37900000,10.31311539,-3.836050710655e+02,-5.365384953016e+01
0.38000000,10.34032677,-3.773150171163e+02,-6.011007318501e+01
0.38100000,10.36753816,-3.708403272543e+02,-6.629742840348e+01
0.38200000,10.39474955,-3.641945703783e+02,-7.220890602567e+01
0.38300000,10.42196093,-3.573915952550e+02,-7.783827241524e+01
0.38400000,10.44917232,-3.504454837991e+02,-8.318008027289e+01
0.38500000,10.47638370,-3.433705039827e+02,-8.822967655218e+01
0.38600000,10.50359509,-3.361810625552e+02,-9.298320746999e+01
0.38700000,10.53080648,-3.288916577595e+02,-9.743762061599e+01
0.38800000,10.55801786,-3.215168322245e+02,-1.015906641770e+02
0.38900000,10.58522925,-3.140711262161e+02,-1.054408833041e+02
0.39000000,10.61244064,-3.065690314223e+02,-1.089876136611e+02
0.39100000,10.63965202,-2.990249454473e+02,-1.122309722053e+02
0.39200000,10.66686341,-2.914531271848e+02,-1.151718452616e+02
0.39300000,10.69407479,-2.838676532335e+02,-1.178118739611e+02
0.39400000,10.72128618,-2.762823755156e+02,-1.201534371269e+02
0.39500000,10.74849757,-2.687108802514e+02,-1.221996316988e+02
0.39600000,10.77570895,-2.611664484353e+02,-1.239542507976e+02
0.39700000,10.80292034,-2.536620179519e+02,-1.254217595386e+02
0.39800000,10.83013173,-2.462101474656e+02,-1.266072687140e+02
0.39900000,10.85734311,-2.388229822022e+02,-1.275165064675e+02
0.40000000,10.88455450,-2.315122217405e+02,-1.281557880967e+02
0.40100000,10.91176588,-2.242890899154e+02,-1.285319841212e+02
0.40200000,10.93897727,-2.171643069281e+02,-1.286524867622e+02
0.40300000,10.96618866,-2.101480637489e+02,-1.285251749841e+02
0.40400000,10.99340004,-2.032499988866e+02,-1.281583782531e+02
0.40500000,11.02061143,-1.964791775888e+02,-1.275608391719e+02
0.40600000,11.04782282,-1.898440735261e+02,-1.267416751519e+02
0.40700000,11.07503420,-1.833525530042e+02,-1.257103392878e+02
0.40800000,11.10224559,-1.770118617339e+02,-1.244765806002e+02
0.40900000,11.12945697,-1.708286141811e+02,-1.230504038131e+02
0.41000000,11.15666836,-1.648087855072e+02,-1.214420288338e+02
0.41100000,11.18387975,-1.589577060968e+02,-1.196618501012e+02
0.41200000,11.21109113,-1.532800586641e+02,-1.177203959687e+02
0.41300000,11.23830252,-1.477798779133e+02,-1.156282882843e+02
0.41400000,11.26551391,-1.424605527211e+02,-1.133962023300e+02
0.41500000,11.29272529,-1.373248307995e+02,-1.110348272764e+02
0.41600000,11.31993668,-1.323748257846e+02,-1.085548273086e+02
0.41700000,11.34714806,-1.276120266900e+02,-1.059668035703e+02
0.41800000,11.37435945,-1.230373096536e+02,-1.032812570724e+02
0.41900000,11.40157084,-1.186509518964e+02,-1.005085527024e+02
0.42000000,11.42878222,-1.144526478059e+02,-9.765888446909e+01
0.42100000,11.45599361,-1.104415270471e+02,-9.474224210606e+01
0.42200000,11.48320500,-1.066161745963e+02,-9.176837915372e+01
0.42300000,11.51041638,-1.029746525883e+02,-8.874678262990e+01
0.42400000,11.53762777,-9.951452385875e+01,-8.568664439179e+01
0.42500000,11.56483915,-9.623287705911e+01,-8.259683428356e+01
0.42600000,11.59205054,-9.312635321582e+01,-7.948587515529e+01
0.42700000,11.61926193,-9.019117360134e+01,-7.636191982957e+01
0.42800000,11.64647331,-8.742316878024e+01,-7.323273008342e+01
0.42900000,11.67368470,-8.481780869027e+01,-7.010565770327e+01
0.43000000,11.70089609,-8.237023361610e+01,-6.698762766157e+01
0.43100000,11.72810747,-8.007528591084e+01,-6.388512345368e+01
0.43200000,11.75531886,-7.792754231955e+01,-6.080417462409e+01
0.43300000,11.78253024,-7.592134675793e+01,-5.775034650131e+01
0.43400000,11.80974163,-7.405084339947e+01,-5.472873215094e+01
0.43500000,11.83695302,-7.231000992482e+01,-5.174394654691e+01
0.43600000,11.86416440,-7.069269078845e+01,-4.880012295132e+01
0.43700000,11.89137579,-6.919263035934e+01,-4.590091148384e+01
0.43800000,11.91858718,-6.780350579501e+01,-4.304947985261e+01
0.43900000,11.94579856,-6.651895951107e+01,-4.024851620945e+01
0.44000000,11.97300995,-6.533263111215e+01,-3.750023408366e+01
0.44100000,12.00022133,-6.423818865416e+01,-3.480637934025e+01
0.44200000,12.02743272,-6.322935911245e+01,-3.216823910027e+01
0.44300000,12.05464411,-6.229995793551e+01,-2.958665255353e+01
0.44400000,12.08185549,-6.144391756964e+01,-2.706202358637e+01
0.44500000,12.10906688,-6.065531484586e+01,-2.459433514060e+01
0.44600000,12.13627827,-5.992839712680e+01,-2.218316521320e+01
0.44700000,12.16348965,-5.925760711824e+01,-1.982770440037e+01
0.44800000,12.19070104,-5.863760625692e+01,-1.752677488433e+01
0.44900000,12.21791242,-5.806329659391e+01,-1.527885075617e+01
0.45000000,12.24512381,-5.752984110021e+01,-1.308207956373e+01
0.45100000,12.27233520,-5.703268232958e+01,-1.093430496982e+01
0.45200000,12.29954658,-5.656755938136e+01,-8.833090402448e+00
0.45300000,12.32675797,-5.613052311446e+01,-6.775743576612e+00
0.45400000,12.35396936,-5.571794957218e+01,-4.759341764420e+00
0.45500000,12.38118074,-5.532655158557e+01,-2.780757689254e+00
0.45600000,12.40839213,-5.495338853213e+01,-8.366859184563e-01
0.45700000,12.43560351,-5.459587423442e+01,1.076330371339e+00
0.45800000,12.46281490,-5.425178299218e+01,2.961872381946e+00
0.45900000,12.49002629,-5.391925374942e+01,4.823618559469e+00
0.46000000,12.51723767,-5.359679240657e+01,6.665317462016e+00
0.46100000,12.54444906,-5.328327229544e+01,8.490760751247e+00
0.46200000,12.57166045,-5.297793284292e+01,1.030375642746e+01
0.46300000,12.59887183,-5.268037645697e+01,1.210810242504e+01
0.46400000,12.62608322,-5.239056367550e+01,1.390756068188e+01
0.46500000,12.65329460,-5.210880662650e+01,1.570583179258e+01
0.46600000,12.68050599,-5.183576085379e+01,1.750653035096e+01
0.46700000,12.70771738,-5.157241556996e+01,1.931316108303e+01
0.46800000,12.73492876,-5.132008240361e+01,2.112909586633e+01
0.46900000,12.76214015,-5.108038271403e+01,2.295755172631e+01
0.47000000,12.78935154,-5.085523355155e+01,2.480156989470e+01
0.47100000,12.81656292,-5.064683234682e+01,2.666399600886e+01
0.47200000,12.84377431,-5.045764041659e+01,2.854746152481e+01
0.47300000,12.87098569,-5.029036537757e+01,3.045436641018e+01
0.47400000,12.89819708,-5.014794256341e+01,3.238686317645e+01
0.47500000,12.92540847,-5.003351554289e+01,3.434684230339e+01
0.47600000,12.95261985,-4.995041583994e+01,3.633591910103e+01
0.47700000,12.97983124,-4.990214195803e+01,3.835542204787e+01
0.47800000,13.00704263,-4.989233781322e+01,4.040638263670e+01
0.47900000,13.03425401,-4.992477068098e+01,4.248952675194e+01
0.48000000,13.06146540,-5.000330876253e+01,4.460526759568e+01
0.48100000,13.08867678,-5.013189847666e+01,4.675370017200e+01
0.48200000,13.11588817,-5.031454158222e+01,4.893459733220e+01
0.48300000,13.14309956,-5.055527223591e+01,5.114740737660e+01
0.48400000,13.17031094,-5.085813408850e+01,5.339125320161e+01
0.48500000,13.19752233,-5.122715752080e+01,5.566493297402e+01
0.48600000,13.22473372,-5.166633711848e+01,5.796692230793e+01
0.48700000,13.25194510,-5.217960948219e+01,6.029537791359e+01
0.48800000,13.27915649,-5.277083146637e+01,6.264814268098e+01
0.48900000,13.30636787,-5.344375893671e+01,6.502275215542e+01
0.49000000,13.33357926,-5.420202613239e+01,6.741644235704e+01
0.49100000,13.36079065,-5.504912571519e+01,6.982615889029e+01
0.49200000,13.38800203,-5.598838958305e+01,7.224856728534e+01
0.49300000,13.41521342,-5.702297052091e+01,7.468006450829e+01
0.49400000,13.44242481,-5.815582475683e+01,7.711679157306e+01
0.49500000,13.46963619,-5.938969548608e+01,7.955464718414e+01
0.49600000,13.49684758,-6.072709742040e+01,8.198930233579e+01
0.49700000,13.52405896,-6.217030241425e+01,8.441621579040e+01
0.49800000,13.55127035,-6.372132621401e+01,8.683065035615e+01
0.49900000,13.57848174,-6.538191637026e+01,8.922768988186e+01
0.50000000,13.60569312,-6.715354134736e+01,9.160225688526e+01
0.50100000,13.63290451,-6.903738085857e+01,9.394913072937e+01
0.50200000,13.66011590,-7.103431744906e+01,9.626296626109e+01
0.50300000,13.68732728,-7.314492934280e+01,9.853831282533e+01
0.50400000,13.71453867,-7.536948456387e+01,1.007696335680e+02
0.50500000,13.74175005,-7.770793633634e+01,1.029513249419e+02
0.50600000,13.76896144,-8.015991976130e+01,1.050777363286e+02
0.50700000,13.79617283,-8.272474976388e+01,1.071431896945e+02
0.50800000,13.82338421,-8.540142029752e+01,1.091419991945e+02
0.50900000,13.85059560,-8.818860478725e+01,1.110684906456e+02
0.51000000,13.87780699,-9.108465778859e+01,1.129170207885e+02
0.51100000,13.90501837,-9.408761783383e+01,1.146819962637e+02
0.51200000,13.93222976,-9.719521143230e+01,1.163578922256e+02
0.51300000,13.95944114,-1.004048581871e+02,1.179392705268e+02
0.51400000,13.98665253,-1.037136769863e+02,1.194207974039e+02
0.51500000,14.01386392,-1.071184932224e+02,1.207972606020e+02
0.51600000,14.04107530,-1.106158469912e+02,1.220635858791e+02
0.51700000,14.06828669,-1.142020022159e+02,1.232148528340e+02
0.51800000,14.09549808,-1.178729566418e+02,1.242463100075e+02
0.51900000,14.12270946,-1.216244526418e+02,1.251533892109e+02
0.52000000,14.14992085,-1.254519887716e+02,1.259317190374e+02
0.52100000,14.17713223,-1.293508320133e+02,1.265771375232e+02
0.52200000,14.20434362,-1.333160306394e+02,1.270857039213e+02
0.52300000,14.23155501,-1.373424276342e+02,1.274537095646e+02
0.52400000,14.25876639,-1.414246746043e+02,1.276776877921e+02
0.52500000,14.28597778,-1.455572461094e+02,1.277544229230e+02
0.52600000,14.31318917,-1.497344543482e+02,1.276809582638e+02
0.52700000,14.34040055,-1.539504641287e+02,1.274546031413e+02
0.52800000,14.36761194,-1.581993080575e+02,1.270729389585e+02
0.52900000,14.39482332,-1.624749018801e+02,1.265338242728e+02
0.53000000,14.42203471,-1.667710599083e+02,1.258353989045e+02
0.53100000,14.44924610,-1.710815104678e+02,1.249760870850e+02
0.53200000,14.47645748,-1.753999113065e+02,1.239545996583e+02
0.53300000,14.50366887,-1.797198649009e+02,1.227699353563e+02
0.53400000,14.53088026,-1.840349336021e+02,1.214213811689e+02
0.53500000,14.55809164,-1.883386545678e+02,1.199085118364e+02
0.53600000,14.58530303,-1.926245544237e+02,1.182311884922e+02
0.53700000,14.61251441,-1.968861636073e+02,1.163895564912e+02
0.53800000,14.63972580,-2.011170303442e+02,1.143840424576e+02
0.53900000,14.66693719,-2.053107342157e+02,1.122153505926e+02
0.54000000,14.69414857,-2.094608992745e+02,1.098844582814e+02
0.54100000,14.72135996,-2.135612066740e+02,1.073926110452e+02
0.54200000,14.74857135,-2.176054067762e+02,1.047413168806e+02
0.54300000,14.77578273,-2.215873307108e+02,1.019323400361e+02
0.54400000,14.80299412,-2.255009013578e+02,9.896769427180e+01
0.54500000,14.83020550,-2.293401437333e+02,9.584963565215e+01
0.54600000,14.85741689,-2.330991947607e+02,9.258065492232e+01
0.54700000,14.88462828,-2.367723124133e+02,8.916346951730e+01
0.54800000,14.91183966,-2.403538842177e+02,8.560101525498e+01
0.54900000,14.93905105,-2.438384351129e+02,8.189643776324e+01
0.55000000,14.96626244,-2.472206346634e+02,7.805308369087e+01
0.55100000,14.99347382,-2.504953036252e+02,7.407449175139e+01
0.55200000,15.02068521,-2.536574198726e+02,6.996438364791e+01
0.55300000,15.04789659,-2.567021236932e+02,6.572665492596e+01
0.55400000,15.07510798,-2.596247224625e+02,6.136536579948e+01
0.55500000,15.10231937,-2.624206947137e+02,5.688473199378e+01
0.55600000,15.12953075,-2.650856936218e+02,5.228911564712e+01
0.55700000,15.15674214,-2.676155499211e+02,4.758301631034e+01
0.55800000,15.18395353,-2.700062742809e+02,4.277106208196e+01
0.55900000,15.21116491,-2.722540591665e+02,3.785800091322e+01
0.56000000,15.23837630,-2.743552802109e+02,3.284869211527e+01
0.56100000,15.26558768,-2.763064971307e+02,2.774809809757e+01
0.56200000,15.29279907,-2.781044542164e+02,2.256127636388e+01
0.56300000,15.32001046,-2.797460804313e+02,1.729337178909e+01
0.56400000,15.34722184,-2.812284891532e+02,1.194960919703e+01
0.56500000,15.37443323,-2.825489775959e+02,6.535286256186e+00
0.56600000,15.40164462,-2.837050259462e+02,1.055766707185e+00
0.56700000,15.42885600,-2.846942962536e+02,-4.483526067520e+00
0.56800000,15.45606739,-2.855146311100e+02,-1.007711512444e+01
0.56900000,15.48327877,-2.861640521570e+02,-1.571947568626e+01
0.57000000,15.51049016,-2.866407584578e+02,-2.140504051468e+01
0.57100000,15.53770155,-2.869431247693e+02,-2.712820493103e+01
0.57200000,15.56491293,-2.870696997511e+02,-3.288333149015e+01
0.57300000,15.59212432,-2.870192041466e+02,-3.866475431584e+01
0.57400000,15.61933571,-2.867905289670e+02,-4.446678310896e+01
0.57500000,15.64654709,-2.863827337141e+02,-5.028370684231e+01
0.57600000,15.67375848,-2.857950446688e+02,-5.610979715871e+01
0.57700000,15.70096986,-2.850268532760e+02,-6.193931149148e+01
0.57800000,15.72818125,-2.840777146518e+02,-6.776649592837e+01
0.57900000,15.75539264,-2.829473462364e+02,-7.358558784273e+01
0.58000000,15.78260402,-2.816356266164e+02,-7.939081831693e+01
0.58100000,15.80981541,-2.801425945345e+02,-8.517641438545e+01
0.58200000,15.83702680,-2.784684481039e+02,-9.093660112594e+01
0.58300000,15.86423818,-2.766135442421e+02,-9.666560362843e+01
0.58400000,15.89144957,-2.745783983345e+02,-1.023576488734e+02
0.58500000,15.91866095,-2.723636841370e+02,-1.080069675508e+02
0.58600000,15.94587234,-2.699702339223e+02,-1.136077958523e+02
0.58700000,15.97308373,-2.673990388740e+02,-1.191543772692e+02
0.58800000,16.00029511,-2.646512497263e+02,-1.246409644302e+02
0.58900000,16.02750650,-2.617281776469e+02,-1.300618210096e+02
0.59000000,16.05471789,-2.586312953566e+02,-1.354112237414e+02
0.59100000,16.08192927,-2.553622384764e+02,-1.406834645683e+02
0.59200000,16.10914066,-2.519228070896e+02,-1.458728529582e+02
0.59300000,16.13635204,-2.483149675044e+02,-1.509737184188e+02
0.59400000,16.16356343,-2.445408541988e+02,-1.559804132374e+02
0.59500000,16.19077482,-2.406027719282e+02,-1.608873154744e+02
0.59600000,16.21798620,-2.365031979723e+02,-1.656888322364e+02
0.59700000,16.24519759,-2.322447844962e+02,-1.703794032519e+02
0.59800000,16.27240898,-2.278303609994e+02,-1.749535047710e+02
0.59900000,16.29962036,-2.232629368219e+02,-1.794056538106e+02
0.60000000,16.32683175,-2.185457036768e+02,-1.837304127596e+02
0.60100000,16.35404313,-2.136820381770e+02,-1.879223943606e+02
0.60200000,16.38125452,-2.086755043206e+02,-1.919762670795e+02
0.60300000,16.40846591,-2.035298558999e+02,-1.958867608718e+02
0.60400000,16.43567729,-1.982490387974e+02,-1.996486733522e+02
0.60500000,16.46288868,-1.928371931305e+02,-2.032568763705e+02
0.60600000,16.49010007,-1.872986552074e+02,-2.067063229950e+02
0.60700000,16.51731145,-1.816379592553e+02,-2.099920548990e+02
0.60800000,16.54452284,-1.758598388817e+02,-2.131092101458e+02
0.60900000,16.57173422,-1.699692282312e+02,-2.160530313627e+02
0.61000000,16.59894561,-1.639712627981e+02,-2.188188742915e+02
0.61100000,16.62615700,-1.578712798576e+02,-2.214022166997e+02
0.61200000,16.65336838,-1.516748184796e+02,-2.237986676362e+02
0.61300000,16.68057977,-1.453876190864e+02,-2.260039770061e+02
0.61400000,16.70779116,-1.390156225232e+02,-2.280140454445e+02
0.61500000,16.73500254,-1.325649686046e+02,-2.298249344579e+02
0.61600000,16.76221393,-1.260419941082e+02,-2.314328768062e+02
0.61700000,16.78942531,-1.194532301842e+02,-2.328342870905e+02
0.61800000,16.81663670,-1.128053991537e+02,-2.340257725121e+02
0.61900000,16.84384809,-1.061054106714e+02,-2.350041437649e+02
0.62000000,16.87105947,-9.936035722855e+01,-2.357664260205e+02
0.62100000,16.89827086,-9.257750897686e+01,-2.363098699653e+02
0.62200000,16.92548225,-8.576430785635e+01,-2.366319628438e+02
0.62300000,16.95269363,-7.892836101219e+01,-2.367304394643e+02
0.62400000,16.97990502,-7.207743348970e+01,-2.366032931180e+02
0.62500000,17.00711640,-6.521944019948e+01,-2.362487863653e+02
0.62600000,17.03432779,-5.836243714790e+01,-2.356654616368e+02
0.62700000,17.06153918,-5.151461193171e+01,-2.348521516026e+02
0.62800000,17.08875056,-4.468427349899e+01,-2.338079892550e+02
0.62900000,17.11596195,-3.787984118200e+01,-2.325324176567e+02
0.63000000,17.14317333,-3.110983301131e+01,-2.310251993014e+02
0.63100000,17.17038472,-2.438285332402e+01,-2.292864250360e+02
0.63200000,17.19759611,-1.770757968241e+01,-2.273165224943e+02
0.63300000,17.22480749,-1.109274912306e+01,-2.251162639913e+02
0.63400000,17.25201888,-4.547143759839e+00,-2.226867738293e+02
0.63500000,17.27923027,1.920424232097e+00,-2.200295349682e+02
0.63600000,17.30644165,8.301128221079e+00,-2.171463950123e+02
0.63700000,17.33365304,1.458614327864e+01,-2.140395714697e+02
0.63800000,17.36086442,2.076666285722e+01,-2.107116562403e+02
0.63900000,17.38807581,2.683391594586e+01,-2.071656192919e+02
0.64000000,17.41528720,3.277918466068e+01,-2.034048114850e+02
0.64100000,17.44249858,3.859382222441e+01,-1.994329665108e+02
0.64200000,17.46970997,4.426927128613e+01,-1.952542019078e+02
0.64300000,17.49692136,4.979708253039e+01,-1.908730191269e+02
0.64400000,17.52413274,5.516893352206e+01,-1.862943026179e+02
0.64500000,17.55134413,6.037664773133e+01,-1.815233179112e+02
0.64600000,17.57855551,6.541221368153e+01,-1.765657086758e+02
0.64700000,17.60576690,7.026780416033e+01,-1.714274927343e+02
0.64800000,17.63297829,7.493579543374e+01,-1.661150570223e+02
0.64900000,17.66018967,7.940878640095e+01,-1.606351514806e+02
0.65000000,17.68740106,8.367961762698e+01,-1.549948818758e+02
0.65100000,17.71461245,8.774139018947e+01,-1.492017015445e+02
0.65200000,17.74182383,9.158748427526e+01,-1.432634020652e+02
0.65300000,17.76903522,9.521157746238e+01,-1.371881028604e+02
0.65400000,17.79624660,9.860766262284e+01,-1.309842397420e+02
0.65500000,17.82345799,1.017700653820e+02,-1.246605524102e+02
0.65600000,17.85066938,1.046934610707e+02,-1.182260709260e+02
0.65700000,17.87788076,1.073728911075e+02,-1.116901011772e+02
0.65800000,17.90509215,1.098037787483e+02,-1.050622093649e+02
0.65900000,17.93230354,1.119819441441e+02,-9.835220553910e+01
0.66000000,17.95951492,1.139036186459e+02,-9.157012621655e+01
0.66100000,17.98672631,1.155654583012e+02,-8.472621611891e+01
0.66200000,18.01393769,1.169645564853e+02,-7.783090907079e+01
0.66300000,18.04114908,1.180984556158e+02,-7.089480810253e+01
0.66400000,18.06836047,1.189651578981e+02,-6.392866480499e+01
0.66500000,18.09557185,1.195631350546e+02,-5.694335798718e+01
0.66600000,18.12278324,1.198913369938e+02,-4.994987169057e+01
0.66700000,18.14999463,1.199491993746e+02,-4.295927261675e+01
0.66800000,18.17720601,1.197366500298e+02,-3.598268702783e+01
0.66900000,18.20441740,1.192541142119e+02,-2.903127718146e+01
0.67000000,18.23162878,1.185025186295e+02,-2.211621736463e+01
0.67100000,18.25884017,1.174832942476e+02,-1.524866959244e+01
0.67200000,18.28605156,1.161983778260e+02,-8.439759039907e+00
0.67300000,18.31326294,1.146502121763e+02,-1.700549276385e+00
0.67400000,18.34047433,1.128417451222e+02,4.957982626301e+00
0.67500000,18.36768572,1.107764271493e+02,1.152497104004e+01
0.67600000,18.39489710,1.084582077386e+02,1.798968670793e+01
0.67700000,18.42210849,1.058915303786e+02,2.434156157951e+01
0.67800000,18.44931987,1.030813262574e+02,3.057021348001e+01
0.67900000,18.47653126,1.000330066405e+02,3.666547053941e+01
0.68000000,18.50374265,9.675245394271e+01,4.261739530783e+01
0.68100000,18.53095403,9.324601150807e+01,4.841630848369e+01
0.68200000,18.55816542,8.952047211664e+01,5.405281218215e+01
0.68300000,18.58537681,8.558306523922e+01,5.951781267214e+01
0.68400000,18.61258819,8.144144306722e+01,6.480254251154e+01
0.68500000,18.63979958,7.710366534767e+01,6.989858201143e+01
0.68600000,18.66701096,7.257818305817e+01,7.479787996228e+01
0.68700000,18.69422235,6.787382096000e+01,7.949277355660e+01
0.68800000,18.72143374,6.299975907152e+01,8.397600744486e+01
0.68900000,18.74864512,5.796551310771e+01,8.824075186398e+01
0.69000000,18.77585651,5.278091393520e+01,9.228061978014e+01
0.69100000,18.80306790,4.745608609521e+01,9.608968299038e+01
0.69200000,18.83027928,4.200142545041e+01,9.966248713085e+01
0.69300000,18.85749067,3.642757601431e+01,1.029940655422e+02
0.69400000,18.88470205,3.074540602486e+01,1.060799519465e+02
0.69500000,18.91191344,2.496598332634e+01,1.089161918928e+02
0.69600000,18.93912483,1.910055012611e+01,1.114993529334e+02
0.69700000,18.96633621,1.316049719491e+01,1.138265334952e+02
0.69800000,18.99354760,7.157337581444e+00,1.158953704146e+02
0.69900000,19.02075899,1.102679913439e+00,1.177040451111e+02
0.70000000,19.04797037,-4.991798640796e+00,1.192512883730e+02
0.70100000,19.07518176,-1.111437967538e+01,1.205363837400e+02
0.70200000,19.10239314,-1.725333103828e+01,1.215591694659e+02
0.70300000,19.12960453,-2.339693443443e+01,1.223200390515e+02
0.70400000,19.15681592,-2.953351306309e+01,1.228199403419e+02
0.70500000,19.18402730,-3.565145921208e+01,1.230603731871e+02
0.70600000,19.21123869,-4.173926173105e+01,1.230433856668e+02
0.70700000,19.23845008,-4.778553330678e+01,1.227715688884e+02
0.70800000,19.26566146,-5.377903746341e+01,1.222480503675e+02
0.70900000,19.29287285,-5.970871521162e+01,1.214764860080e+02
0.71000000,19.32008423,-6.556371127158e+01,1.204610507005e+02
0.71100000,19.34729562,-7.133339979577e+01,1.192064275630e+02
0.71200000,19.37450701,-7.700740951912e+01,1.177177958513e+02
0.71300000,19.40171839,-8.257564826564e+01,1.160008175723e+02
0.71400000,19.42892978,-8.802832674258e+01,1.140616228335e+02
0.71500000,19.45614117,-9.335598155524e+01,1.119067939708e+02
0.71600000,19.48335255,-9.854949737768e+01,1.095433484946e+02
0.71700000,19.51056394,-1.036001282174e+02,1.069787209031e+02
0.71800000,19.53777532,-1.084995177146e+02,1.042207434110e+02
0.71900000,19.56498671,-1.132397184187e+02,1.012776256469e+02
0.72000000,19.59219810,-1.178132099893e+02,9.815793337556e+01
0.72100000,19.61940948,-1.222129162713e+02,9.487056630256e+01
0.72200000,19.64662087,-1.264322211952e+02,9.142473502398e+01
0.72300000,19.67383226,-1.304649834616e+02,8.782993718371e+01
0.72400000,19.70104364,-1.343055499670e+02,8.409593290473e+01
0.72500000,19.72825503,-1.379487679361e+02,8.023271956213e+01
0.72600000,19.75546641,-1.413899957277e+02,7.625050596767e+01
0.72700000,19.78267780,-1.446251122836e+02,7.215968603700e+01
0.72800000,19.80988919,-1.476505251982e+02,6.797081201251e+01
0.72900000,19.83710057,-1.504631773851e+02,6.369456731544e+01
0.73000000,19.86431196,-1.530605523254e+02,5.934173910216e+01
0.73100000,19.89152335,-1.554406778840e+02,5.492319060018e+01
0.73200000,19.91873473,-1.576021286853e+02,5.044983329983e+01
0.73300000,19.94594612,-1.595440270431e+02,4.593259907796e+01
0.73400000,19.97315750,-1.612660424444e+02,4.138241233007e+01
0.73500000,20.00036889,-1.627683895905e+02,3.681016218698e+01
0.73600000,20.02758028,-1.640518250027e+02,3.222667489193e+01
0.73700000,20.05479166,-1.651176422031e+02,2.764268641327e+01
0.73800000,20.08200305,-1.659676654885e+02,2.306881536721e+01
0.73900000,20.10921444,-1.666042423134e+02,1.851553632389e+01
0.74000000,20.13642582,-1.670302343078e+02,1.399315356911e+01
0.74100000,20.16363721,-1.672490069558e+02,9.511775392283e+00
0.74200000,20.19084859,-1.672644179650e+02,5.081288969829e+00
0.74300000,20.21805998,-1.670808043623e+02,7.113359113175e-01
0.74400000,20.24527137,-1.667029683520e+02,-3.588711466379e+00
0.74500000,20.27248275,-1.661361619790e+02,-7.809773073681e+00
0.74600000,20.29969414,-1.653860706393e+02,-1.194308313086e+01
0.74700000,20.32690553,-1.644587954871e+02,-1.598021134021e+01
0.74800000,20.35411691,-1.633608347867e+02,-1.991308309205e+01
0.74900000,20.38132830,-1.620990642636e+02,-2.373399865182e+01
0.75000000,20.40853968,-1.606807165105e+02,-2.743565127805e+01
0.75100000,20.43575107,-1.591133595043e+02,-3.101114422439e+01
0.75200000,20.46296246,-1.574048742976e+02,-3.445400658190e+01
0.75300000,20.49017384,-1.555634319442e+02,-3.775820792101e+01
0.75400000,20.51738523,-1.535974697254e+02,-4.091817169612e+01
0.75500000,20.54459662,-1.515156667418e+02,-4.392878737902e+01
0.75600000,20.57180800,-1.493269189389e+02,-4.678542129115e+01
0.75700000,20.59901939,-1.470403136367e+02,-4.948392610800e+01
0.75800000,20.62623077,-1.446651036319e+02,-5.202064901292e+01
0.75900000,20.65344216,-1.422106809458e+02,-5.439243848116e+01
0.76000000,20.68065355,-1.396865502889e+02,-5.659664967870e+01
0.76100000,20.70786493,-1.371023023168e+02,-5.863114846448e+01
0.76200000,20.73507632,-1.344675867485e+02,-6.049431398795e+01
0.76300000,20.76228771,-1.317920854229e+02,-6.218503987836e+01
0.76400000,20.78949909,-1.290854853651e+02,-6.370273402537e+01
0.76500000,20.81671048,-1.263574519378e+02,-6.504731695487e+01
0.76600000,20.84392186,-1.236176021499e+02,-6.621921880740e+01
0.76700000,20.87113325,-1.208754781941e+02,-6.721937493055e+01
0.76800000,20.89834464,-1.181405212879e+02,-6.804922010025e+01
0.76900000,20.92555602,-1.154220458856e+02,-6.871068138967e+01
0.77000000,20.95276741,-1.127292143340e+02,-6.920616970814e+01
0.77100000,20.97997880,-1.100710120382e+02,-6.953857003591e+01
0.77200000,21.00719018,-1.074562232060e+02,-6.971123038417e+01
0.77300000,21.03440157,-1.048934072355e+02,-6.972794951317e+01
0.77400000,21.06161295,-1.023908758095e+02,-6.959296344456e+01
0.77500000,21.08882434,-9.995667075903e+01,-6.931093080737e+01
0.77600000,21.11603573,-9.759854275461e+01,-6.888691706011e+01
0.77700000,21.14324711,-9.532393088268e+01,-6.832637763441e+01
0.77800000,21.17045850,-9.313994316239e+01,-6.763514004883e+01
0.77900000,21.19766989,-9.105333805439e+01,-6.681938504375e+01
0.78000000,21.22488127,-8.907050701122e+01,-6.588562679134e+01
0.78100000,21.25209266,-8.719745811591e+01,-6.484069223683e+01
0.78200000,21.27930404,-8.543980085240e+01,-6.369169962961e+01
0.78300000,21.30651543,-8.380273204824e+01,-6.244603630527e+01
0.78400000,21.33372682,-8.229102302689e+01,-6.111133578109e+01
0.78500000,21.36093820,-8.090900800371e+01,-5.969545423002e+01
0.78600000,21.38814959,-7.966057375608e+01,-5.820644639938e+01
0.78700000,21.41536098,-7.854915059503e+01,-5.665254104231e+01
0.78800000,21.44257236,-7.757770466171e+01,-5.504211593137e+01
0.78900000,21.46978375,-7.674873156881e+01,-5.338367252463e+01
0.79000000,21.49699513,-7.606425140308e+01,-5.168581035583e+01
0.79100000,21.52420652,-7.552580510160e+01,-4.995720122088e+01
0.79200000,21.55141791,-7.513445221044e+01,-4.820656323353e+01
0.79300000,21.57862929,-7.489077003064e+01,-4.644263482357e+01
0.79400000,21.60584068,-7.479485415274e+01,-4.467414875107e+01
0.79500000,21.63305207,-7.484632037694e+01,-4.290980621025e+01
0.79600000,21.66026345,-7.504430801236e+01,-4.115825109626e+01
0.79700000,21.68747484,-7.538748454507e+01,-3.942804450802e+01
0.79800000,21.71468622,-7.587405166033e+01,-3.772763955952e+01
0.79900000,21.74189761,-7.650175260125e+01,-3.606535657125e+01
0.80000000,21.76910900,-7.726788084184e+01,-3.444935871246e+01
0.80100000,21.79632038,-7.816929004885e+01,-3.288762816403e+01
0.80200000,21.82353177,-7.920240530329e+01,-3.138794286982e+01
0.80300000,21.85074316,-8.036323554853e+01,-2.995785394354e+01
0.80400000,21.87795454,-8.164738722887e+01,-2.860466379589e+01
0.80500000,21.90516593,-8.305007907844e+01,-2.733540504506e+01
0.80600000,21.93237731,-8.456615801741e+01,-2.615682027150e+01
0.80700000,21.95958870,-8.619011610902e+01,-2.507534267566e+01
0.80800000,21.98680009,-8.791610852776e+01,-2.409707769489e+01
0.80900000,22.01401147,-8.973797248622e+01,-2.322778563303e+01
0.81000000,22.04122286,-9.164924706496e+01,-2.247286535357e+01
0.81100000,22.06843425,-9.364319388731e+01,-2.183733908410e+01
0.81200000,22.09564563,-9.571281857812e+01,-2.132583837694e+01
0.81300000,22.12285702,-9.785089294336e+01,-2.094259126737e+01
0.81400000,22.15006840,-1.000499778048e+02,-2.069141066764e+01
0.81500000,22.17727979,-1.023024464226e+02,-2.057568403129e+01
0.81600000,22.20449118,-1.046005084353e+02,-2.059836431902e+01
0.81700000,22.23170256,-1.069362342473e+02,-2.076196229305e+01
0.81800000,22.25891395,-1.093015797897e+02,-2.106854016367e+01
0.81900000,22.28612534,-1.116884115813e+02,-2.151970660737e+01
0.82000000,22.31333672,-1.140885320139e+02,-2.211661317200e+01
0.82100000,22.34054811,-1.164937047862e+02,-2.285995208044e+01
0.82200000,22.36775949,-1.188956804091e+02,-2.374995544002e+01
0.82300000,22.39497088,-1.212862217049e+02,-2.478639586066e+01
0.82400000,22.42218227,-1.236571292239e+02,-2.596858848078e+01
0.82500000,22.44939365,-1.260002664992e+02,-2.729539439524e+01
0.82600000,22.47660504,-1.283075850634e+02,-2.876522547600e+01
0.82700000,22.50381643,-1.305711491505e+02,-3.037605057120e+01
0.82800000,22.53102781,-1.327831600061e+02,-3.212540306465e+01
0.82900000,22.55823920,-1.349359797304e+02,-3.401038977321e+01
0.83000000,22.58545058,-1.370221545809e+02,-3.602770115548e+01
0.83100000,22.61266197,-1.390344376616e+02,-3.817362280090e+01
0.83200000,22.63987336,-1.409658109266e+02,-4.044404816453e+01
0.83300000,22.66708474,-1.428095064308e+02,-4.283449250855e+01
0.83400000,22.69429613,-1.445590267588e+02,-4.534010800782e+01
0.83500000,22.72150752,-1.462081645677e+02,-4.795569997281e+01
0.83600000,22.74871890,-1.477510211824e+02,-5.067574413969e+01
0.83700000,22.77593029,-1.491820241820e+02,-5.349440497380e+01
0.83800000,22.80314167,-1.504959439224e+02,-5.640555492923e+01
0.83900000,22.83035306,-1.516879089406e+02,-5.940279460401e+01
0.84000000,22.85756445,-1.527534201913e+02,-6.247947372734e+01
0.84100000,22.88477583,-1.536883640680e+02,-6.562871291239e+01
0.84200000,22.91198722,-1.544890241679e+02,-6.884342610546e+01
0.84300000,22.93919861,-1.551520917589e+02,-7.211634365966e+01
0.84400000,22.96640999,-1.556746749161e+02,-7.544003595929e+01
0.84500000,22.99362138,-1.560543062951e+02,-7.880693751855e+01
0.84600000,23.02083276,-1.562889495178e+02,-8.220937147680e+01
0.84700000,23.04804415,-1.563770041462e+02,-8.563957441065e+01
0.84800000,23.07525554,-1.563173092280e+02,-8.908972138208e+01
0.84900000,23.10246692,-1.561091454021e+02,-9.255195114034e+01
0.85000000,23.12967831,-1.557522355528e+02,-9.601839139496e+01
0.85100000,23.15688970,-1.552467440128e+02,-9.948118407619e+01
0.85200000,23.18410108,-1.545932743139e+02,-1.029325104993e+02
0.85300000,23.21131247,-1.537928654922e+02,-1.063646163487e+02
0.85400000,23.23852385,-1.528469869599e+02,-1.097698363988e+02
0.85500000,23.26573524,-1.517575319582e+02,-1.131406188879e+02
0.85600000,23.29294663,-1.505268096129e+02,-1.164695494635e+02
0.85700000,23.32015801,-1.491575356187e+02,-1.197493746183e+02
0.85800000,23.34736940,-1.476528215808e+02,-1.229730245361e+02
0.85900000,23.37458079,-1.460161630518e+02,-1.261336352710e+02
0.86000000,23.40179217,-1.442514263002e+02,-1.292245701823e+02
0.86100000,23.42900356,-1.423628338570e+02,-1.322394405533e+02
0.86200000,23.45621494,-1.403549488885e+02,-1.351721253211e+02
0.86300000,23.48342633,-1.382326584474e+02,-1.380167898494e+02
0.86400000,23.51063772,-1.360011556596e+02,-1.407679036796e+02
0.86500000,23.53784910,-1.336659209073e+02,-1.434202571965e+02
0.86600000,23.56506049,-1.312327020736e+02,-1.459689771515e+02
0.86700000,23.59227188,-1.287074939155e+02,-1.484095409877e+02
0.86800000,23.61948326,-1.260965166376e+02,-1.507377899162e+02
0.86900000,23.64669465,-1.234061937417e+02,-1.529499406962e+02
0.87000000,23.67390603,-1.206431292272e+02,-1.550425960779e+02
0.87100000,23.70111742,-1.178140842254e+02,-1.570127538696e+02
0.87200000,23.72832881,-1.149259531478e+02,-1.588578145960e+02
0.87300000,23.75554019,-1.119857394338e+02,-1.605755877197e+02
0.87400000,23.78275158,-1.090005309834e+02,-1.621642964032e+02
0.87500000,23.80996297,-1.059774753631e+02,-1.636225807929e+02
0.87600000,23.83717435,-1.029237548737e+02,-1.649494998127e+02
0.87700000,23.86438574,-9.984656156855e+01,-1.661445314598e+02
0.87800000,23.89159712,-9.675307231410e+01,-1.672075716011e+02
0.87900000,23.91880851,-9.365042398207e+01,-1.681389312725e+02
0.88000000,23.94601990,-9.054568886353e+01,-1.689393324919e+02
0.88100000,23.97323128,-8.744585039489e+01,-1.696099025987e+02
0.88200000,24.00044267,-8.435777928473e+01,-1.701521671404e+02
0.88300000,24.02765406,-8.128821012926e+01,-1.705680413316e+02
0.88400000,24.05486544,-7.824371860281e+01,-1.708598201160e+02
0.88500000,24.08207683,-7.523069930791e+01,-1.710301668672e+02
0.88600000,24.10928821,-7.225534436752e+01,-1.710821007694e+02
0.88700000,24.13649960,-6.932362283930e+01,-1.710189829250e+02
0.88800000,24.16371099,-6.644126102928e+01,-1.708445012387e+02
0.88900000,24.19092237,-6.361372377905e+01,-1.705626541359e+02
0.89000000,24.21813376,-6.084619679736e+01,-1.701777331739e+02
0.89100000,24.24534515,-5.814357010320e+01,-1.696943046129e+02
0.89200000,24.27255653,-5.551042264367e+01,-1.691171900139e+02
0.89300000,24.29976792,-5.295100814559e+01,-1.684514459381e+02
0.89400000,24.32697930,-5.046924225540e+01,-1.677023428234e+02
0.89500000,24.35419069,-4.806869101728e+01,-1.668753431189e+02
0.89600000,24.38140208,-4.575256073437e+01,-1.659760787602e+02
0.89700000,24.40861346,-4.352368925291e+01,-1.650103280721e+02
0.89800000,24.43582485,-4.138453870391e+01,-1.639839921864e+02
0.89900000,24.46303624,-3.933718973122e+01,-1.629030710671e+02
0.90000000,24.49024762,-3.738333722959e+01,-1.617736392346e+02
0.90100000,24.51745901,-3.552428761032e+01,-1.606018212831e+02
0.90200000,24.54467039,-3.376095760630e+01,-1.593937672874e+02
0.90300000,24.57188178,-3.209387462232e+01,-1.581556281949e+02
0.90400000,24.59909317,-3.052317863059e+01,-1.568935312989e+02
0.90500000,24.62630455,-2.904862560522e+01,-1.556135558913e+02
0.90600000,24.65351594,-2.766959248361e+01,-1.543217091888e+02
0.90700000,24.68072733,-2.638508363626e+01,-1.530239026310e+02
0.90800000,24.70793871,-2.519373882107e+01,-1.517259286426e+02
0.90900000,24.73515010,-2.409384259158e+01,-1.504334379545e+02
0.91000000,24.76236148,-2.308333512343e+01,-1.491519175738e+02
0.91100000,24.78957287,-2.215982441696e+01,-1.478866694931e+02
0.91200000,24.81678426,-2.132059982857e+01,-1.466427902238e+02
0.91300000,24.84399564,-2.056264687800e+01,-1.454251512394e+02
0.91400000,24.87120703,-1.988266327314e+01,-1.442383804067e+02
0.91500000,24.89841842,-1.927707608915e+01,-1.430868444831e+02
0.91600000,24.92562980,-1.874206003364e+01,-1.419746327518e+02
0.91700000,24.95284119,-1.827355672500e+01,-1.409055418641e+02
0.91800000,24.98005257,-1.786729490676e+01,-1.398830619523e+02
0.91900000,25.00726396,-1.751881151652e+01,-1.389103640719e+02
0.92000000,25.03447535,-1.722347352445e+01,-1.379902890273e+02
0.92100000,25.06168673,-1.697650045275e+01,-1.371253376303e+02
0.92200000,25.08889812,-1.677298748422e+01,-1.363176624327e+02
0.92300000,25.11610951,-1.660792906565e+01,-1.355690609713e+02
0.92400000,25.14332089,-1.647624290888e+01,-1.348809705566e+02
0.92500000,25.17053228,-1.637279429068e+01,-1.342544646294e+02
0.92600000,25.19774366,-1.629242055083e+01,-1.336902507042e+02
0.92700000,25.22495505,-1.622995568638e+01,-1.331886699127e+02
0.92800000,25.25216644,-1.618025493948e+01,-1.327496981521e+02
0.92900000,25.27937782,-1.613821927555e+01,-1.323729488370e+02
0.93000000,25.30658921,-1.609881964862e+01,-1.320576772501e+02
0.93100000,25.33380060,-1.605712095090e+01,-1.318027864747e+02
0.93200000,25.36101198,-1.600830554485e+01,-1.316068348905e+02
0.93300000,25.38822337,-1.594769627677e+01,-1.314680452050e+02
0.93400000,25.41543475,-1.587077887294e+01,-1.313843149873e+02
0.93500000,25.44264614,-1.577322362142e+01,-1.313532286635e+02
0.93600000,25.46985753,-1.565090624470e+01,-1.313720709290e+02
0.93700000,25.49706891,-1.549992787197e+01,-1.314378415249e+02
0.93800000,25.52428030,-1.531663402237e+01,-1.315472713191e+02
0.93900000,25.55149168,-1.509763251471e+01,-1.316968396308e+02
0.94000000,25.57870307,-1.483981022301e+01,-1.318827927268e+02
0.94100000,25.60591446,-1.454034860164e+01,-1.321011634165e+02
0.94200000,25.63312584,-1.419673790854e+01,-1.323477916649e+02
0.94300000,25.66033723,-1.380679006011e+01,-1.326183461409e+02
0.94400000,25.68754862,-1.336865005676e+01,-1.329083466107e+02
0.94500000,25.71476000,-1.288080592357e+01,-1.332131870856e+02
0.94600000,25.74197139,-1.234209711672e+01,-1.335281596266e+02
0.94700000,25.76918277,-1.175172135222e+01,-1.338484787072e+02
0.94800000,25.79639416,-1.110923982002e+01,-1.341693060318e+02
0.94900000,25.82360555,-1.041458075306e+01,-1.344857757053e+02
0.95000000,25.85081693,-9.668041327595e+00,-1.347930196468e+02
0.95100000,25.87802832,-8.870287877909e+00,-1.350861931394e+02
0.95200000,25.90523971,-8.022354415661e+00,-1.353605004062e+02
0.95300000,25.93245109,-7.125639450978e+00,-1.356112201021e+02
0.95400000,25.95966248,-6.181901119679e+00,-1.358337306118e+02
0.95500000,25.98687386,-5.193250628055e+00,-1.360235350425e+02
0.95600000,26.01408525,-4.162144033820e+00,-1.361762858020e+02
0.95700000,26.04129664,-3.091372388903e+00,-1.362878086541e+02
0.95800000,26.06850802,-1.984050276803e+00,-1.363541261437e+02
0.95900000,26.09571941,-8.436027841788e-01,-1.363714802867e+02
0.96000000,26.12293080,3.262490468715e-01,-1.363363544225e+02
0.96100000,26.15014218,1.521504232692e+00,-1.362454941288e+02
0.96200000,26.17735357,2.737899268511e+00,-1.360959271037e+02
0.96300000,26.20456495,3.970926889557e+00,-1.358849819209e+02
0.96400000,26.23177634,5.215856100936e+00,-1.356103055713e+02
0.96500000,26.25898773,6.467753398594e+00,-1.352698797062e+02
0.96600000,26.28619911,7.721505098208e+00,-1.348620355035e+02
0.96700000,26.31341050,8.971840683688e+00,-1.343854670844e+02
0.96800000,26.34062189,1.021335708215e+01,-1.338392434109e+02
0.96900000,26.36783327,1.144054376775e+01,-1.332228186036e+02
0.97000000,26.39504466,1.264780859272e+01,-1.325360406243e+02
0.97100000,26.42225604,1.382950424019e+01,-1.317791582727e+02
0.97200000,26.44946743,1.497995519021e+01,-1.309528264572e+02
0.97300000,26.47667882,1.609348508749e+01,-1.300581097020e+02
0.97400000,26.50389020,1.716444439704e+01,-1.290964838641e+02
0.97500000,26.53110159,1.818723823193e+01,-1.280698360383e+02
0.97600000,26.55831298,1.915635423595e+01,-1.269804626376e+02
0.97700000,26.58552436,2.006639040309e+01,-1.258310656418e+02
0.97800000,26.61273575,2.091208271508e+01,-1.246247470180e+02
0.97900000,26.63994713,2.168833247838e+01,-1.233650013199e+02
0.98000000,26.66715852,2.239023324261e+01,-1.220557064862e+02
0.98100000,26.69436991,2.301309718311e+01,-1.207011128589e+02
0.98200000,26.72158129,2.355248083214e+01,-1.193058304576e+02
0.98300000,26.74879268,2.400421004508e+01,-1.178748145468e+02
0.98400000,26.77600407,2.436440409036e+01,-1.164133495446e+02
0.98500000,26.80321545,2.462949875503e+01,-1.149270313268e+02
0.98600000,26.83042684,2.479626836113e+01,-1.134217479882e+02
0.98700000,26.85763822,2.486184659183e+01,-1.119036591280e+02
0.98800000,26.88484961,2.482374603093e+01,-1.103791737353e+02
0.98900000,26.91206100,2.467987632365e+01,-1.088549267552e+02
0.99000000,26.93927238,2.442856087205e+01,-1.073377544224e+02
0.99100000,26.96648377,2.406855198390e+01,-1.058346684546e+02
0.99200000,26.99369516,2.359904439968e+01,-1.043528292038e+02
0.99300000,27.02090654,2.301968712865e+01,-1.028995178691e+02
0.99400000,27.04811793,2.233059353141e+01,-1.014821078765e+02
0.99500000,27.07532931,2.153234959355e+01,-1.001080355385e+02
0.99600000,27.10254070,2.062602034155e+01,-9.878477010882e+01
0.99700000,27.12975209,1.961315436007e+01,-9.751978334841e+01
0.99800000,27.15696347,1.849578637680e+01,-9.632051872623e+01
0.99900000,27.18417486,1.727643788925e+01,-9.519436037617e+01
1.00000000,27.21138625,1.595811581528e+01,-9.414860193575e+01
