# energy_eV,Re_epsilon,Im_epsilon
1.000000000000000056e-01,3.384489418847040838e+02,-2.387931928884074466e+02
1.100000000000000006e-01,3.111419143443013695e+02,-1.819957292956753463e+02
1.199999999999999956e-01,2.839627263277290012e+02,-1.362788737417992309e+02
1.300000000000000044e-01,2.573707812552137852e+02,-9.967798406736530126e+01
1.399999999999999856e-01,2.317719100532850689e+02,-7.067187088807980899e+01
1.499999999999999667e-01,2.075093903862512263e+02,-4.802638325150253706e+01
1.599999999999999756e-01,1.848580136116178494e+02,-3.070262846441303495e+01
1.699999999999999845e-01,1.640212567881090422e+02,-1.780295665323249210e+01
1.799999999999999656e-01,1.451314618208721470e+02,-8.539499843454001038e+00
1.899999999999999467e-01,1.282527829880481249e+02,-2.216237915169469552e+00
1.999999999999999556e-01,1.133865449467789972e+02,1.780980226945976463e+00
2.099999999999999645e-01,1.004785614415140316e+02,3.989997260317432737e+00
2.199999999999999456e-01,8.942790391917105808e+01,4.875765194816784387e+00
2.299999999999999267e-01,8.009658056108706603e+01,4.833072965000696719e+00
2.399999999999999356e-01,7.231958924086018214e+01,4.189475493016262320e+00
2.499999999999999445e-01,6.591484004865557722e+01,3.208919938091977730e+00
2.599999999999998979e-01,6.069250008229010973e+01,2.096280466582050916e+00
2.699999999999999067e-01,5.646338973288295193e+01,1.002809351372778490e+00
2.799999999999999156e-01,5.304614942098003638e+01,3.237113898824824781e-02
2.899999999999999245e-01,5.027299207201293285e+01,-7.517639833832330254e-01
2.999999999999999334e-01,4.799395310226616118e+01,-1.319840438851924036e+00
3.099999999999998868e-01,4.607964042965388529e+01,-1.668538607743311530e+00
3.199999999999998956e-01,4.442256706112154063e+01,-1.814171910220291339e+00
3.299999999999999045e-01,4.293721435826273591e+01,-1.786400495821302004e+00
3.399999999999998579e-01,4.155902270286244260e+01,-1.622654101370486490e+00
3.499999999999998668e-01,4.024253691825135348e+01,-1.363399873809698182e+00
3.599999999999998757e-01,3.895894671959024436e+01,-1.048331315579392076e+00
3.699999999999998845e-01,3.769325910743373953e+01,-7.134968571361123280e-01
3.799999999999998934e-01,3.644132236980480855e+01,-3.893348456593638263e-01
3.899999999999998468e-01,3.520689327176319949e+01,-9.953887477755353486e-02
3.999999999999998557e-01,3.399890350775248038e+01,1.393548131955585911e-01
4.099999999999998646e-01,3.282904205823054156e+01,3.177868967422585178e-01
4.199999999999998179e-01,3.170973001065633312e+01,4.325401500049118608e-01
4.299999999999998268e-01,3.065252652685236967e+01,4.857883127468192175e-01
4.399999999999998357e-01,2.966697121775203883e+01,4.839577410452134409e-01
4.499999999999998446e-01,2.875984078151324397e+01,4.365155277842027171e-01
4.599999999999998535e-01,2.793477720880017046e+01,3.547782252356164734e-01
4.699999999999998068e-01,2.719223131239457203e+01,2.508137681146058173e-01
4.799999999999998157e-01,2.652965835858231713e+01,1.364876373527162678e-01
4.899999999999998246e-01,2.594190126862737245e+01,2.268430936291879890e-02
4.999999999999997780e-01,2.542170002356155578e+01,-8.128225936896202319e-02
5.099999999999997868e-01,2.496027221168978016e+01,-1.680692968314656810e-01
5.199999999999997957e-01,2.454791779045091005e+01,-2.325275826043330940e-01
5.299999999999998046e-01,2.417460992465786163e+01,-2.717630601415051417e-01
5.399999999999998135e-01,2.383054228609971048e+01,-2.850593253978412900e-01
5.499999999999998224e-01,2.350661082630174903e+01,-2.736844696819246137e-01
5.599999999999998312e-01,2.319481444564587136e+01,-2.406060800771152031e-01
5.699999999999997291e-01,2.288856414219514335e+01,-1.901376800013776514e-01
5.799999999999997380e-01,2.258289432233552319e+01,-1.275390685553972892e-01
5.899999999999997469e-01,2.227457332914339361e+01,-5.859224429838304216e-02
5.999999999999997558e-01,2.196211328688998066e+01,1.082598170857401731e-02
6.099999999999997646e-01,2.164568243501857836e+01,7.515402917145175277e-02
6.199999999999997735e-01,2.132692649171471899e+01,1.295181394843225864e-01
6.299999999999997824e-01,2.100870934839078430e+01,1.700483746590510659e-01
6.399999999999996803e-01,2.069478747261103635e+01,1.941206321254650147e-01
6.499999999999996891e-01,2.038943653139245527e+01,2.005101144279088088e-01
6.599999999999996980e-01,2.009705253811993231e+01,1.894457932630638497e-01
6.699999999999997069e-01,1.982175278488812253e+01,1.625607907019692711e-01
6.799999999999997158e-01,1.956700344200422137e+01,1.227400804974607407e-01
6.899999999999997247e-01,1.933530054370137208e+01,7.387410262755716994e-02
6.999999999999997335e-01,1.912792882622832735e+01,2.053422655408440253e-02
7.099999999999997424e-01,1.894481843094833806e+01,-3.240718258057828649e-02
7.199999999999997513e-01,1.878451295653668041e+01,-8.018376498300761046e-02
7.299999999999996492e-01,1.864425411402943311e+01,-1.185372508716213968e-01
7.399999999999996581e-01,1.852017890859089633e+01,-1.440814653586030003e-01
7.499999999999996669e-01,1.840761562607943702e+01,-1.545967330662944839e-01
7.599999999999996758e-01,1.830145583344542715e+01,-1.492277153015722502e-01
7.699999999999996847e-01,1.819657202148686181e+01,-1.285649711125661510e-01
7.799999999999996936e-01,1.808824525960601548e+01,-9.459999878230838932e-02
7.899999999999997025e-01,1.797256495421327216e+01,-5.055442673908869256e-02
7.999999999999996003e-01,1.784676390904920495e+01,-5.954246530941014739e-04
8.099999999999996092e-01,1.770945646651075478e+01,5.053977162552832775e-02
8.199999999999996181e-01,1.756075531132926315e+01,9.797815790426661620e-02
8.299999999999996270e-01,1.740225295327152821e+01,1.371654719805114886e-01
8.399999999999996358e-01,1.723686609225193322e+01,1.642991421261688623e-01
8.499999999999996447e-01,1.706855390738066447e+01,1.766985802382224080e-01
8.599999999999996536e-01,1.690193358387137579e+01,1.730763546382539375e-01
8.699999999999996625e-01,1.674182688176229661e+01,1.536820697576942174e-01
8.799999999999996714e-01,1.659277916471249625e+01,1.203020769634641357e-01
8.899999999999995692e-01,1.645859619094051851e+01,7.611145847613742799e-02
8.999999999999995781e-01,1.634194360117409062e+01,2.538884079220920728e-02
9.099999999999995870e-01,1.624404929965385236e+01,-2.688184559483002001e-02
9.199999999999995959e-01,1.616454012075408997e+01,-7.548688475422313249e-02
9.299999999999996048e-01,1.610143202586261424e+01,-1.154912497344689620e-01
9.399999999999996136e-01,1.605127865985111058e+01,-1.427312213379342831e-01
9.499999999999996225e-01,1.600946775338181993e+01,-1.542424875109445759e-01
9.599999999999995204e-01,1.597064006474929698e+01,-1.485799849636819381e-01
9.699999999999995293e-01,1.592919278787022641e+01,-1.259951208250510157e-01
9.799999999999995381e-01,1.587981993633793465e+01,-8.844906110959090129e-02
9.899999999999995470e-01,1.581803718542307280e+01,-3.945632696233186687e-02
9.999999999999995559e-01,1.574063865342863977e+01,1.623045539843601115e-02
1.009999999999999565e+00,1.564603829365656651e+01,7.306775616865135436e-02
1.019999999999999574e+00,1.553445860300232972e+01,1.252595119977301386e-01
1.029999999999999583e+00,1.540794339661538714e+01,1.673355987032850434e-01
1.039999999999999591e+00,1.527018818960674196e+01,1.947137976836230688e-01
1.049999999999999600e+00,1.512619969236612860e+01,2.041885470020800009e-01
1.059999999999999609e+00,1.498181332341050087e+01,1.942952987281381938e-01
1.069999999999999618e+00,1.484311272914200330e+01,1.655101018600796392e-01
1.079999999999999627e+00,1.471580650066790596e+01,1.202591980283480022e-01
1.089999999999999414e+00,1.460462335314691806e+01,6.273159568245478823e-02
1.099999999999999423e+00,1.451278720782329401e+01,-1.492925579856015398e-03
1.109999999999999432e+00,1.444162767360034749e+01,-6.596902563963136235e-02
1.119999999999999440e+00,1.439036974430333160e+01,-1.240164509469497273e-01
1.129999999999999449e+00,1.435613007104340610e+01,-1.693961124263407558e-01
1.139999999999999458e+00,1.433412740346162373e+01,-1.969649190631864999e-01
1.149999999999999467e+00,1.431809356486482976e+01,-2.032424394926942435e-01
1.159999999999999476e+00,1.430085069008960552e+01,-1.868288835749271071e-01
1.169999999999999485e+00,1.427500248204132660e+01,-1.486265927706297008e-01
1.179999999999999494e+00,1.423367381573715740e+01,-9.183517265288197728e-02
1.189999999999999503e+00,1.417122563982197114e+01,-2.171200772113079588e-02
1.199999999999999512e+00,1.408387175609021291e+01,5.488683777046013401e-02
1.209999999999999520e+00,1.397013100327155044e+01,1.301476532648412066e-01
1.219999999999999529e+00,1.383106222836259924e+01,1.960645530909893575e-01
1.229999999999999538e+00,1.367024909674859856e+01,2.452570084971460729e-01
1.239999999999999325e+00,1.349352555585046609e+01,2.717587920986146988e-01
1.249999999999999334e+00,1.330845843990041111e+01,2.716971118343624036e-01
1.259999999999999343e+00,1.312362882424595156e+01,2.437882093650935167e-01
1.269999999999999352e+00,1.294777579905242249e+01,1.895908657098852312e-01
1.279999999999999361e+00,1.278888302402574162e+01,1.134809234123051458e-01
1.289999999999999369e+00,1.265329786716619331e+01,2.233624235750340109e-02
1.299999999999999378e+00,1.254497387106149908e+01,-7.504993486843007655e-02
1.309999999999999387e+00,1.246491925680647661e+01,-1.687811357378218580e-01
1.319999999999999396e+00,1.241091755101210303e+01,-2.488244086127425758e-01
1.329999999999999405e+00,1.237756244304480013e+01,-3.060417454661099601e-01
1.339999999999999414e+00,1.235661965675736340e+01,-3.331852260400666177e-01
1.349999999999999423e+00,1.233769657377635376e+01,-3.257533522006654803e-01
1.359999999999999432e+00,1.230916857954153976e+01,-2.826145163462681631e-01
1.369999999999999440e+00,1.225928273787618039e+01,-2.063217453718244887e-01
1.379999999999999449e+00,1.217733737325744237e+01,-1.030694923513229277e-01
1.389999999999999458e+00,1.205482292015886792e+01,1.772385389576386708e-02
1.399999999999999467e+00,1.188640672606141280e+01,1.441877809968967472e-01
1.409999999999999254e+00,1.167065318166764776e+01,2.630694878150739990e-01
1.419999999999999263e+00,1.141039036276252538e+01,3.610125713600793040e-01
1.429999999999999272e+00,1.111266399133511662e+01,4.259293549365673615e-01
1.439999999999999281e+00,1.078825664362117109e+01,4.483353223959772871e-01
1.449999999999999289e+00,1.045079160011277253e+01,4.225096270933825227e-01
1.459999999999999298e+00,1.011548281871881727e+01,3.473540777040388661e-01
1.469999999999999307e+00,9.797631230155488424e+00,2.268443049417352697e-01
1.479999999999999316e+00,9.510999018269293614e+00,6.999970611291801703e-02
1.489999999999999325e+00,9.266214338971494158e+00,-1.096591874240573083e-01
1.499999999999999334e+00,9.069366439764342758e+00,-2.951494988656356289e-01
1.509999999999999343e+00,8.920943848278216848e+00,-4.674951793584815052e-01
1.519999999999999352e+00,8.815245970542374465e+00,-6.075144056683431382e-01
1.529999999999999361e+00,8.740362220737489807e+00,-6.977741350884048011e-01
1.539999999999999369e+00,8.678765179688692655e+00,-7.245334221108145067e-01
1.549999999999999378e+00,8.608508923121119594e+00,-6.794846261719115210e-01
1.559999999999999165e+00,8.504965165572851760e+00,-5.611061339230567491e-01
1.569999999999999174e+00,8.342973380015912710e+00,-3.754623888172047286e-01
1.579999999999999183e+00,8.099231849802659866e+00,-1.363260232057970367e-01
1.589999999999999192e+00,7.754719624966839753e+00,1.354496736623543585e-01
1.599999999999999201e+00,7.296918735224485530e+00,4.133156673779980195e-01
1.609999999999999210e+00,6.721604707326606309e+00,6.671075101919207162e-01
1.619999999999999218e+00,6.033992878607143950e+00,8.656896136961561572e-01
1.629999999999999227e+00,5.249067905744323248e+00,9.799687312967546582e-01
1.639999999999999236e+00,4.390982167472323283e+00,9.860308701736542059e-01
1.649999999999999245e+00,3.491481682423774657e+00,8.681222467249680719e-01
1.659999999999999254e+00,2.587400472837535048e+00,6.211828036059551250e-01
1.669999999999999263e+00,1.717349667979399808e+00,2.526527096870223033e-01
1.679999999999999272e+00,9.178091022957461931e-01,-2.166912081329156747e-01
1.689999999999999281e+00,2.188996932315353527e-01,-7.530523823059653843e-01
1.699999999999999289e+00,-3.598320439836768525e-01,-1.311188411631140749e+00
1.709999999999999298e+00,-8.132558369536830867e-01,-1.837251266139355632e+00
1.719999999999999307e+00,-1.153761025390521944e+00,-2.272800722912278193e+00
1.729999999999999094e+00,-1.413282112437080240e+00,-2.559795194707211063e+00
1.739999999999999103e+00,-1.643961214915252711e+00,-2.646269022886143407e+00
1.749999999999999112e+00,-1.917242300537063127e+00,-2.492325778830329241e+00
1.759999999999999121e+00,-2.321293745782774476e+00,-2.076020211326372156e+00
1.769999999999999130e+00,-2.956772354799730884e+00,-1.398672838577903255e+00
1.779999999999999138e+00,-3.931065587866214628e+00,-4.891645564844067096e-01
1.789999999999999147e+00,-5.351270513419017050e+00,5.932044982802725519e-01
1.799999999999999156e+00,-7.316278837473104701e+00,1.757638203413278033e+00
1.809999999999999165e+00,-9.908428639269077465e+00,2.882797721809944758e+00
1.819999999999999174e+00,-1.318524762211744239e+01,3.819910837586328878e+00
1.829999999999999183e+00,-1.717184394919895851e+01,4.398025821015232317e+00
1.839999999999999192e+00,-2.185449543633368563e+01,4.431254002296918237e+00
1.849999999999999201e+00,-2.717594488763584692e+01,3.727704066507904201e+00
1.859999999999999210e+00,-3.303283020651761603e+01,2.099682918806738297e+00
1.869999999999999218e+00,-3.927556671108123254e+01,-6.253679452449991683e-01
1.879999999999999005e+00,-4.571086229548757274e+01,-4.593807372603286865e+00
1.889999999999999014e+00,-5.210689209760874974e+01,-9.915247159999140081e+00
1.899999999999999023e+00,-5.820099790321207678e+01,-1.665316844686797637e+01
1.909999999999999032e+00,-6.370961906542881081e+01,-2.481730693388784204e+01
1.919999999999999041e+00,-6.834001662965557955e+01,-3.435833184198060053e+01
1.929999999999999050e+00,-7.180323024579162450e+01,-4.516522874918992159e+01
1.939999999999999059e+00,-7.382761650344572502e+01,-5.706565376402907930e+01
1.949999999999999067e+00,-7.417226372285604441e+01,-6.982936455389899777e+01
1.959999999999999076e+00,-7.263956573635744007e+01,-8.317466248296146603e+01
1.969999999999999085e+00,-6.908626689908346918e+01,-9.677761008011911770e+01
1.979999999999999094e+00,-6.343236084995650970e+01,-1.102836297115577366e+02
1.989999999999999103e+00,-5.566733219747749217e+01,-1.233209523347777150e+02
1.999999999999999112e+00,-4.585336685098663878e+01,-1.355152777958638239e+02
2.009999999999998899e+00,-3.412531487181102108e+01,-1.465049365851390348e+02
2.019999999999999130e+00,-2.068735996593334647e+01,-1.559558112533335645e+02
2.029999999999998916e+00,-5.806521984108597323e+00,-1.635752852496117953e+02
2.039999999999999147e+00,1.019671697517026310e+01,-1.691245366599603415e+02
2.049999999999998934e+00,2.696022533826806367e+01,-1.724285806793582481e+02
2.059999999999999165e+00,4.409391455941599958e+01,-1.733835820218625656e+02
2.069999999999998952e+00,6.119466214155991679e+01,-1.719610995673075422e+02
2.079999999999999183e+00,7.786176164053992466e+01,-1.682090819239927839e+02
2.089999999999998970e+00,9.371217949968634287e+01,-1.622495952431523563e+02
2.099999999999999201e+00,1.083949193643078388e+02,-1.542734245503258990e+02
2.109999999999998987e+00,1.216038503613472557e+02,-1.445318386105434456e+02
2.119999999999999218e+00,1.330884424719920958e+02,-1.333259384942328438e+02
2.129999999999999005e+00,1.426619638725443053e+02,-1.209941155353418338e+02
2.139999999999998792e+00,1.502068252262207011e+02,-1.078982209055516392e+02
2.149999999999999023e+00,1.556768970486479873e+02,-9.440909398901602856e+01
2.159999999999998810e+00,1.590967709907371557e+02,-8.089210934449172896e+01
2.169999999999999041e+00,1.605580770276505689e+02,-6.769338318801102616e+01
2.179999999999998828e+00,1.602130996084189292e+02,-5.512723241176485089e+01
2.189999999999999059e+00,1.582660512349651185e+02,-4.346540579191813691e+01
2.199999999999998845e+00,1.549624572483586746e+02,-3.292851276966055707e+01
2.209999999999999076e+00,1.505771775673344166e+02,-2.367996516116524575e+01
2.219999999999998863e+00,1.454016377444398245e+02,-1.582262681095036427e+01
2.229999999999999094e+00,1.397308621509436932e+02,-9.398241028428792276e+00
2.239999999999998881e+00,1.338508966170097381e+02,-4.389580926425071361e+00
2.249999999999999112e+00,1.280271776175219998e+02,-7.251484374110622744e-01
2.259999999999998899e+00,1.224943520713129885e+02,1.713861737498706628e+00
2.269999999999999130e+00,1.174479786191287900e+02,3.084712797169970599e+00
2.279999999999998916e+00,1.130384509853809902e+02,3.572849460738550587e+00
2.289999999999998703e+00,1.093673802443863536e+02,3.380711929846079045e+00
2.299999999999998934e+00,1.064865593710347582e+02,2.716194813459371193e+00
2.309999999999998721e+00,1.043995145011093513e+02,1.781319561690123399e+00
2.319999999999998952e+00,1.030655272266260738e+02,7.616787442356224291e-01
2.329999999999998739e+00,1.024058955501497223e+02,-1.828239774011725660e-01
2.339999999999998970e+00,1.023120924698191772e+02,-9.254724795440619767e-01
2.349999999999998757e+00,1.026553852252465049e+02,-1.378090059199266859e+00
2.359999999999998987e+00,1.032973995413851753e+02,-1.493959439862474703e+00
2.369999999999998774e+00,1.041010560011511927e+02,-1.268142549769511351e+00
2.379999999999999005e+00,1.049412736813006717e+02,-7.351607946044822484e-01
2.389999999999998792e+00,1.057148323629646995e+02,3.586728371409651089e-02
2.399999999999999023e+00,1.063488109224944935e+02,9.483968162812385083e-01
2.409999999999998810e+00,1.068070765943362090e+02,1.887570039285954238e+00
2.419999999999999041e+00,1.070943868634186487e+02,2.730787354977127546e+00
2.429999999999998828e+00,1.072577803351758376e+02,3.359151434328000452e+00
2.439999999999998614e+00,1.073850708798731119e+02,3.669126343688094760e+00
2.449999999999998845e+00,1.076004148137144369e+02,3.583712175485357143e+00
2.459999999999998632e+00,1.080570865089281227e+02,3.062430563080297929e+00
2.469999999999998863e+00,1.089277650412453085e+02,2.109450524047231212e+00
2.479999999999998650e+00,1.103927938951608354e+02,7.792580009839994437e-01
2.489999999999998881e+00,1.126270176670009704e+02,-8.206153640345607014e-01
2.499999999999998668e+00,1.157859147408656781e+02,-2.530142323816469307e+00
2.509999999999998899e+00,1.199918245996148443e+02,-4.140792968337493996e+00
2.519999999999998685e+00,1.253211058662855208e+02,-5.402941209717189608e+00
2.529999999999998916e+00,1.317930515777450182e+02,-6.036453440843405183e+00
2.539999999999998703e+00,1.393613294067061474e+02,-5.744028772082565126e+00
2.549999999999998934e+00,1.479086073425029610e+02,-4.226676038289901349e+00
2.559999999999998721e+00,1.572448735730623923e+02,-1.200555543162801664e+00
2.569999999999998952e+00,1.671097698676539380e+02,3.585705765173250903e+00
2.579999999999998739e+00,1.771790402871303627e+02,1.033418914350360751e+01
2.589999999999998970e+00,1.870749634678452651e+02,1.918233074324520615e+01
2.599999999999998757e+00,1.963804005698036406e+02,3.018998293671689481e+01
2.609999999999998543e+00,2.046558665774078065e+02,4.332973656409058805e+01
2.619999999999998774e+00,2.114588342049958669e+02,5.848119991240317006e+01
2.629999999999998561e+00,2.163643203399059871e+02,7.542973291150964599e+01
2.639999999999998792e+00,2.189856959262984901e+02,9.386990121108607354e+01
2.649999999999998579e+00,2.189946098336982629e+02,1.134136575401271756e+02
2.659999999999998810e+00,2.161389304977527956e+02,1.336029920241609545e+02
2.669999999999998597e+00,2.102576870118173531e+02,1.539265349230130653e+02
2.679999999999998828e+00,2.012921308568079723e+02,1.738393605052864359e+02
2.689999999999998614e+00,1.892922335659658017e+02,1.927850443664697195e+02
2.699999999999998845e+00,1.744181736891945889e+02,2.102188812101220208e+02
2.709999999999998632e+00,1.569366348029262497e+02,2.256310857526522398e+02
2.719999999999998863e+00,1.372120191956406359e+02,2.385687821065721721e+02
2.729999999999998650e+00,1.156929622742585906e+02,2.486556387203492307e+02
2.739999999999998881e+00,9.289479364808894957e+01,2.556081243405517114e+02
2.749999999999998668e+00,6.937881627676425467e+01,2.592475389111583013e+02
2.759999999999998899e+00,4.572945115471986099e+01,2.595072013871632635e+02
2.769999999999998685e+00,2.253041092736216910e+01,2.564344404782115703e+02
2.779999999999998472e+00,3.411145398972530440e-01,2.501873184073117784e+02
2.789999999999998703e+00,-2.032546630530843501e+01,2.410263046553147319e+02
2.799999999999998490e+00,-3.902242785376908785e+01,2.293013890095447209e+02
2.809999999999998721e+00,-5.538507338824688730e+01,2.154353646885070361e+02
2.819999999999998508e+00,-6.914282686254954058e+01,1.999042085834691136e+02
2.829999999999998739e+00,-8.012642181941745889e+01,1.832156254391356356e+02
2.839999999999998526e+00,-8.827013516427518880e+01,1.658868984875353760e+02
2.849999999999998757e+00,-9.360911175640151782e+01,1.484231972047547288e+02
2.859999999999998543e+00,-9.627209283851004784e+01,1.312974343554775487e+02
2.869999999999998774e+00,-9.647010308565020864e+01,1.149326443952321171e+02
2.879999999999998561e+00,-9.448185349486743689e+01,9.968768246729835880e+01
2.889999999999998792e+00,-9.063676926793600330e+01,8.584682963315447068e+01
2.899999999999998579e+00,-8.529664556890487859e+01,7.361364984560201208e+01
2.909999999999998810e+00,-7.883696578884683959e+01,6.310919301069918674e+01
2.919999999999998597e+00,-7.162888699773361623e+01,5.437439199614316720e+01
2.929999999999998384e+00,-6.402280979466948452e+01,4.737627450395186202e+01
2.939999999999998614e+00,-5.633431247619522253e+01,4.201741642098792084e+01
2.949999999999998401e+00,-4.883305289582916231e+01,3.814791208847002935e+01
2.959999999999998632e+00,-4.173503822131090146e+01,3.557903620012216805e+01
2.969999999999998419e+00,-3.519844679069849036e+01,3.409772551174344812e+01
2.979999999999998650e+00,-2.932297138889373400e+01,3.348101634135449700e+01
2.989999999999998437e+00,-2.415245272233982021e+01,3.350963258723616889e+01
2.999999999999998668e+00,-1.968039727177683318e+01,3.398002221872300055e+01
3.009999999999998455e+00,-1.585783436564253535e+01,3.471427891446934666e+01
3.019999999999998685e+00,-1.260286975445803392e+01,3.556754896575795755e+01
3.029999999999998472e+00,-9.811240609810502278e+00,3.643269999670273762e+01
3.039999999999998703e+00,-7.367170012042977945e+00,3.724220562910193166e+01
3.049999999999998490e+00,-5.153854949497684856e+00,3.796736777531661033e+01
3.059999999999998721e+00,-3.062995345919016010e+00,3.861514601559468929e+01
3.069999999999998508e+00,-1.002875301943820574e+00,3.922298371482170154e+01
3.079999999999998295e+00,1.095367212708636462e+00,3.985210773220885727e+01
3.089999999999998526e+00,3.273509074926305829e+00,4.057982991927664074e+01
3.099999999999998312e+00,5.544136785521072142e+00,4.149139380484020734e+01
3.109999999999998543e+00,7.890622379498800854e+00,4.267189104490427098e+01
3.119999999999998330e+00,1.026901730670535073e+01,4.419872354323928221e+01
3.129999999999998561e+00,1.261160332942448292e+01,4.613501439547703598e+01
3.139999999999998348e+00,1.483176631658933431e+01,4.852428080382856734e+01
3.149999999999998579e+00,1.682981241966398755e+01,5.138658216341288920e+01
3.159999999999998366e+00,1.849932664982060615e+01,5.471625387195814483e+01
3.169999999999998597e+00,1.973367969035871994e+01,5.848123872037400872e+01
3.179999999999998384e+00,2.043231671976467112e+01,6.262393864720252878e+01
3.189999999999998614e+00,2.050650782114837156e+01,6.706343455787315122e+01
3.199999999999998401e+00,1.988429826280811952e+01,7.169886372987761547e+01
3.209999999999998632e+00,1.851446336141434656e+01,7.641370445500930941e+01
3.219999999999998419e+00,1.636934176408440322e+01,8.108069599681044792e+01
3.229999999999998650e+00,1.344648831195975980e+01,8.556711741776811664e+01
3.239999999999998437e+00,9.769149470811992586e+00,8.974015913728752025e+01
3.249999999999998224e+00,5.385617890605614910e+00,9.347214333811402298e+01
3.259999999999998455e+00,3.675662726714565842e-01,9.664538033138411777e+01
3.269999999999998241e+00,-5.192506332662869539e+00,9.915648448249262970e+01
3.279999999999998472e+00,-1.118456022973042607e+01,1.009200123035299583e+02
3.289999999999998259e+00,-1.748486438555157463e+01,1.018713243032349709e+02
3.299999999999998490e+00,-2.396023636171596038e+01,1.019686092150663796e+02
3.309999999999998277e+00,-3.047250192284896642e+01,1.011940430096397563e+02
3.319999999999998508e+00,-3.688301036276059364e+01,9.955408497976559090e+01
3.329999999999998295e+00,-4.305705202796473685e+01,9.707893904876910085e+01
3.339999999999998526e+00,-4.886803720091765513e+01,9.382123058960910100e+01
3.349999999999998312e+00,-5.420130960655001218e+01,8.985396799431090642e+01
3.359999999999998543e+00,-5.895748290023310290e+01,8.526787461752913089e+01
3.369999999999998330e+00,-6.305520451819033667e+01,8.016819107095861341e+01
3.379999999999998561e+00,-6.643326842836127355e+01,7.467106049619692953e+01
3.389999999999998348e+00,-6.905201696297450553e+01,6.889962043372139533e+01
3.399999999999998579e+00,-7.089399240049149853e+01,6.297993395882513568e+01
3.409999999999998366e+00,-7.196382151568717234e+01,5.703689930374425643e+01
3.419999999999998153e+00,-7.228734089852024169e+01,5.119028044324996785e+01
3.429999999999998384e+00,-7.190999708030243198e+01,4.555100019974933900e+01
3.439999999999998170e+00,-7.089458264474863824e+01,4.021783146967012357e+01
3.449999999999998401e+00,-6.931839641954219644e+01,3.527461051404461756e+01
3.459999999999998188e+00,-6.726994111561094769e+01,3.078807854035166613e+01
3.469999999999998419e+00,-6.484529378767176411e+01,2.680643410683222783e+01
3.479999999999998206e+00,-6.214430156362082869e+01,2.335864978099025180e+01
3.489999999999998437e+00,-5.926676568132649692e+01,2.045457307578056216e+01
3.499999999999998224e+00,-5.630877971270509619e+01,1.808579554832305547e+01
3.509999999999998455e+00,-5.335938211669508746e+01,1.622723704922915999e+01
3.519999999999998241e+00,-5.049766867273779525e+01,1.483935668637128025e+01
3.529999999999998472e+00,-4.779048726562131577e+01,1.387087043245513662e+01
3.539999999999998259e+00,-4.529080693612404218e+01,1.326182967423303438e+01
3.549999999999998490e+00,-4.303681671007920784e+01,1.294689728826080177e+01
3.559999999999998277e+00,-4.105176962049763745e+01,1.285864947525516655e+01
3.569999999999998064e+00,-3.934454606388968756e+01,1.293073341628968009e+01
3.579999999999998295e+00,-3.791087088865924670e+01,1.310072294025227535e+01
3.589999999999998082e+00,-3.673508308158098146e+01,1.331253617371393005e+01
3.599999999999998312e+00,-3.579232803998350221e+01,1.351830921723300349e+01
3.609999999999998099e+00,-3.505102219463194047e+01,1.367965625451872569e+01
3.619999999999998330e+00,-3.447542957538028219e+01,1.376828665746093705e+01
3.629999999999998117e+00,-3.402819045268510934e+01,1.376599079954820404e+01
3.639999999999998348e+00,-3.367265331484067303e+01,1.366404554198096832e+01
3.649999999999998135e+00,-3.337488223469057402e+01,1.346212495766772932e+01
3.659999999999998366e+00,-3.310524049880196884e+01,1.316682941056295242e+01
3.669999999999998153e+00,-3.283948597904158362e+01,1.278996475955954182e+01
3.679999999999998384e+00,-3.255935146462056906e+01,1.234671204767865937e+01
3.689999999999998170e+00,-3.225262117817950269e+01,1.185382619096053958e+01
3.699999999999998401e+00,-3.191275012993755666e+01,1.132799032732176592e+01
3.709999999999998188e+00,-3.153810322453059456e+01,1.078443182081741725e+01
3.719999999999997975e+00,-3.113091398364318962e+01,1.023587830189784142e+01
3.729999999999998206e+00,-3.069607686051013573e+01,9.691899926332419923e+00
3.739999999999997993e+00,-3.023989160939169096e+01,9.158649930079578283e+00
3.749999999999998224e+00,-2.976887302932748369e+01,8.638982307690849183e+00
3.759999999999998010e+00,-2.928872539469009340e+01,8.132895672820049882e+00
3.769999999999998241e+00,-2.880355947937307803e+01,7.638228346325099949e+00
3.779999999999998028e+00,-2.831540330412175877e+01,7.151513206228478303e+00
3.789999999999998259e+00,-2.782402800017316480e+01,6.668892907955930482e+00
3.799999999999998046e+00,-2.732708007797854322e+01,6.186997087991596089e+00
3.809999999999998277e+00,-2.682048346815471973e+01,5.703692693026534144e+00
3.819999999999998064e+00,-2.629905126222384482e+01,5.218635521701405544e+00
3.829999999999998295e+00,-2.575722998423256982e+01,4.733573724730281818e+00
3.839999999999998082e+00,-2.518988974728411989e+01,4.252380240214380436e+00
3.849999999999998312e+00,-2.459307238799526019e+01,3.780818553353370692e+00
3.859999999999998099e+00,-2.396461650786969955e+01,3.326072329800649374e+00
3.869999999999998330e+00,-2.330459247370109921e+01,2.896092109544904591e+00
3.879999999999998117e+00,-2.261550042125325177e+01,2.498829446024138701e+00
3.889999999999997904e+00,-2.190220827349823196e+01,2.141439224040337930e+00
3.899999999999998135e+00,-2.117163252645420712e+01,1.829533598969858454e+00
3.909999999999997922e+00,-2.043218975855413078e+01,1.566565951689758096e+00
3.919999999999998153e+00,-1.969306925512832152e+01,1.353411003296060233e+00
3.929999999999997939e+00,-1.896339485272148906e+01,1.188188948875437578e+00
3.939999999999998170e+00,-1.825135557790697050e+01,1.066358821862485984e+00
3.949999999999997957e+00,-1.756338891795979862e+01,9.810813153838918721e-01
3.959999999999998188e+00,-1.690349728189179856e+01,9.238261670052018149e-01
3.969999999999997975e+00,-1.627276770435058850e+01,8.851761493162240146e-01
3.979999999999998206e+00,-1.566914803914817966e+01,8.557606954820673462e-01
3.989999999999997993e+00,-1.508751123778121084e+01,8.272388597589308556e-01
3.999999999999998224e+00,-1.452001466311417310e+01,7.932448083310241760e-01
4.009999999999998010e+00,-1.395673583935916895e+01,7.502099139694933250e-01
4.019999999999997797e+00,-1.338654173776651035e+01,6.979837262214795279e-01
4.029999999999998472e+00,-1.279812767652758687e+01,6.401909363455426938e-01
4.039999999999998259e+00,-1.218114592286662123e+01,5.842817371030616380e-01
4.049999999999998046e+00,-1.152733445082223795e+01,5.412570373195365603e-01
4.059999999999997833e+00,-1.083155382853886906e+01,5.250758774603206946e-01
4.069999999999997620e+00,-1.009264509764344275e+01,5.517780175086722805e-01
4.079999999999998295e+00,-9.314033383350105666e+00,6.383779795546794533e-01
4.089999999999998082e+00,-8.504019900007822486e+00,8.016059719067379907e-01
4.099999999999997868e+00,-7.675727582102211954e+00,1.056584591811432938e+00
4.109999999999997655e+00,-6.846691010062649241e+00,1.415536953049112201e+00
4.119999999999998330e+00,-6.038107639079649758e+00,1.886621402323489738e+00
4.129999999999998117e+00,-5.273792552469863004e+00,2.472980332441677920e+00
4.139999999999997904e+00,-4.578901132844328536e+00,3.172076383388590770e+00
4.149999999999997691e+00,-3.978501514888459489e+00,3.975369654566840882e+00
4.159999999999998366e+00,-3.496090174006953433e+00,4.868365945224349289e+00
4.169999999999998153e+00,-3.152148708715767356e+00,5.831040286173395870e+00
4.179999999999997939e+00,-2.962837509646870870e+00,6.838614050336504491e+00
4.189999999999997726e+00,-2.938912828154838230e+00,7.862639643785120924e+00
4.199999999999997513e+00,-3.084938521336964001e+00,8.872325934394220681e+00
4.209999999999998188e+00,-3.398843652302412366e+00,9.836021634957893056e+00
4.219999999999997975e+00,-3.871853694906715049e+00,1.072276389242677652e+01
4.229999999999997762e+00,-4.488798073625016372e+00,1.150379595287228263e+01
4.239999999999997549e+00,-5.228771981411867387e+00,1.215396108459962399e+01
4.249999999999998224e+00,-6.066107620386562260e+00,1.265288956991801683e+01
4.259999999999998010e+00,-6.971590771885525228e+00,1.298591069030141121e+01
4.269999999999997797e+00,-7.913844194074334482e+00,1.314464102556471836e+01
4.279999999999997584e+00,-8.860790652993753014e+00,1.312722258522908447e+01
4.289999999999998259e+00,-9.781105865509848840e+00,1.293820765094012160e+01
4.299999999999998046e+00,-1.064557526288995781e+01,1.258811006033291235e+01
4.309999999999997833e+00,-1.142827782380029689e+01,1.209266342195287791e+01
4.319999999999997620e+00,-1.210753443429290854e+01,1.147184403564341437e+01
4.329999999999998295e+00,-1.266657614990437786e+01,1.074872901529211511e+01
4.339999999999998082e+00,-1.309390797759726333e+01,9.948267545394163136e+00
4.349999999999997868e+00,-1.338336486305507655e+01,9.096045025483130431e+00
4.359999999999997655e+00,-1.353387695774052801e+01,8.217116153085676444e+00
4.369999999999997442e+00,-1.354897954978219410e+01,7.334974241098206171e+00
4.379999999999998117e+00,-1.343611807264135471e+01,6.470711074063506985e+00
4.389999999999997904e+00,-1.320580943290117837e+01,5.642405463440744562e+00
4.399999999999997691e+00,-1.287072693341057494e+01,4.864760629962012750e+00
4.409999999999997478e+00,-1.244477708214033562e+01,4.148991971719438787e+00
4.419999999999998153e+00,-1.194223270607442622e+01,3.502949005869078203e+00
4.429999999999997939e+00,-1.137697850908104336e+01,2.931439528101767777e+00
4.439999999999997726e+00,-1.076191329234729999e+01,2.436711355411802060e+00
4.449999999999997513e+00,-1.010853849318805864e+01,2.019038186442869698e+00
4.459999999999998188e+00,-9.426746640024415314e+00,1.677351611068501613e+00
4.469999999999997975e+00,-8.724806978990043760e+00,1.409861284803223480e+00
4.479999999999997762e+00,-8.009530088841167128e+00,1.214609589682437374e+00
4.489999999999997549e+00,-7.286579848659950898e+00,1.089915267663823295e+00
4.499999999999998224e+00,-6.560890564060206209e+00,1.034671815151867680e+00
4.509999999999998010e+00,-5.837140066221246038e+00,1.048479949839856484e+00
4.519999999999997797e+00,-5.120226576550412467e+00,1.131608157626299960e+00
4.529999999999997584e+00,-4.415698190232892451e+00,1.284790099854588696e+00
4.539999999999997371e+00,-3.730088797439069737e+00,1.508881436293733946e+00
4.549999999999998046e+00,-3.071122686264493140e+00,1.804410421143371357e+00
4.559999999999997833e+00,-2.447761280821798557e+00,2.171065642743119195e+00
4.569999999999997620e+00,-1.870078606978290647e+00,2.607169899120486800e+00
4.579999999999997407e+00,-1.348966176341890755e+00,3.109191074532091204e+00
4.589999999999998082e+00,-8.956820170690371619e-01,3.671338915317347240e+00
4.599999999999997868e+00,-5.212715595444434857e-01,4.285290970538135902e+00
4.609999999999997655e+00,-2.358990944632715081e-01,4.940082086100085590e+00
4.619999999999997442e+00,-4.813679451836594403e-02,5.622180357925424588e+00
4.629999999999998117e+00,3.573674331194909293e-02,6.315759167500542226e+00
4.639999999999997904e+00,1.237516369978597375e-02,7.003160762788511740e+00
4.649999999999997691e+00,-1.181106104685165636e-01,7.665532781966803988e+00
4.659999999999997478e+00,-3.517857817344798299e-01,8.283606107215373271e+00
4.669999999999998153e+00,-6.807191051834238227e-01,8.838571366639094151e+00
4.679999999999997939e+00,-1.093028096314050401e+00,9.313003028732556032e+00
4.689999999999997726e+00,-1.573152124145819286e+00,9.691774930948229283e+00
4.699999999999997513e+00,-2.102348904316087452e+00,9.962909612538151549e+00
4.709999999999997300e+00,-2.659395330459070284e+00,1.011830610601563762e+01
4.719999999999997975e+00,-3.221459968290332654e+00,1.015429676224767519e+01
4.729999999999997762e+00,-3.765102773337035025e+00,1.007199288783425928e+01
4.739999999999997549e+00,-4.267348450015523653e+00,9.877390895542875526e+00
4.749999999999997335e+00,-4.706773950105425541e+00,9.581224570277067087e+00
4.759999999999998010e+00,-5.064548311564239569e+00,9.198564068557219642e+00
4.769999999999997797e+00,-5.325364533834807901e+00,8.748177461287347967e+00
4.779999999999997584e+00,-5.478208403711644969e+00,8.251685048041721871e+00
4.789999999999997371e+00,-5.516917822377209291e+00,7.732549414591346704e+00
4.799999999999998046e+00,-5.440497720689683625e+00,7.214954477128532773e+00
4.809999999999997833e+00,-5.253169386163977883e+00,6.722633914791134480e+00
4.819999999999997620e+00,-4.964148124745895174e+00,6.277712989763378104e+00
4.829999999999997407e+00,-4.587158723560729179e+00,5.899627567024573693e+00
4.839999999999998082e+00,-4.139713222552882321e+00,5.604180184994215885e+00
4.849999999999997868e+00,-3.642189133376195542e+00,5.402785538899502527e+00
4.859999999999997655e+00,-3.116757645089841766e+00,5.301947182564897609e+00
4.869999999999997442e+00,-2.586219853143529424e+00,5.302994279595568017e+00
4.879999999999997229e+00,-2.072814150060427352e+00,5.402092633431325730e+00
4.889999999999997904e+00,-1.597059345888254711e+00,5.590528881723906274e+00
4.899999999999997691e+00,-1.176695795160877633e+00,5.855251573696880207e+00
4.909999999999997478e+00,-8.257809747411892776e-01,6.179638756365268826e+00
4.919999999999997264e+00,-5.539869774022054827e-01,6.544449494195484718e+00
4.929999999999997939e+00,-3.661358387285851279e-01,6.928907124811026108e+00
4.939999999999997726e+00,-2.619952247006096524e-01,7.311855527789368203e+00
4.949999999999997513e+00,-2.363425954635951509e-01,7.672926571644322458e+00
4.959999999999997300e+00,-2.792913908777645560e-01,7.993657307542266111e+00
4.969999999999997975e+00,-3.768589055044764269e-01,8.258499282614479853e+00
4.979999999999997762e+00,-5.117431176060771580e-01,8.455669233350986858e+00
4.989999999999997549e+00,-6.642654765981661491e-01,8.577799896370246202e+00
4.999999999999997335e+00,-8.134290508168735556e-01,8.622361106547549170e+00
5.009999999999997122e+00,-9.380368264522911392e-01,8.591834014030842681e+00
5.019999999999997797e+00,-1.017813468307653846e+00,8.493634371488091972e+00
5.029999999999997584e+00,-1.034475447704918505e+00,8.339793658053700653e+00
5.039999999999997371e+00,-9.726988738960211656e-01,8.146418610095794932e+00
5.049999999999997158e+00,-8.209412363453783001e-01,7.932959913130702923e+00
5.059999999999997833e+00,-5.720820560496904239e-01,7.721328898598442514e+00
5.069999999999997620e+00,-2.238575516650223030e-01,7.534906764023054926e+00
5.079999999999997407e+00,2.209247907635556452e-01,7.397493942095302977e+00
5.089999999999997193e+00,7.543950324920040140e-01,7.332247795463702644e+00
5.099999999999997868e+00,1.363845993739377871e+00,7.360654973912431842e+00
5.109999999999997655e+00,2.032158652424841616e+00,7.501580833118269176e+00
5.119999999999997442e+00,2.738403746675993844e+00,7.770432672344351310e+00
5.129999999999997229e+00,3.458589543421367818e+00,8.178466658927620259e+00
5.139999999999997904e+00,4.166521537858022484e+00,8.732260653336496148e+00
5.149999999999997691e+00,4.834737517906626536e+00,9.433367203345277119e+00
5.159999999999997478e+00,5.435480859787833019e+00,1.027815317121928551e+01
5.169999999999997264e+00,5.941675918514104815e+00,1.125782515798911554e+01
5.179999999999997051e+00,6.327871677013925833e+00,1.235863337295662845e+01
5.189999999999997726e+00,6.571123119201805807e+00,1.356224104943699160e+01
5.199999999999997513e+00,6.651783786865554937e+00,1.484624202023088202e+01
5.209999999999997300e+00,6.554187377312922891e+00,1.618480564350881679e+01
5.219999999999997087e+00,6.267200787632956960e+00,1.754942584600804878e+01
5.229999999999997762e+00,5.784635516387333531e+00,1.890974950933905063e+01
5.239999999999997549e+00,5.105508661253929326e+00,2.023445862216379965e+01
5.249999999999997335e+00,4.234148830877788150e+00,2.149218040587475542e+01
5.259999999999997122e+00,3.180146105805473411e+00,2.265239985886728391e+01
5.269999999999997797e+00,1.958148764507453787e+00,2.368634975041461743e+01
5.279999999999997584e+00,5.875128896373182918e-01,2.456785396703632429e+01
5.289999999999997371e+00,-9.081857527212375825e-01,2.527410125538742491e+01
5.299999999999997158e+00,-2.501764963237342876e+00,2.578632784229462871e+01
5.309999999999997833e+00,-4.163158738585496899e+00,2.609038920493212999e+01
5.319999999999997620e+00,-5.860230448035907536e+00,2.617720349256702050e+01
5.329999999999997407e+00,-7.559654781612451302e+00,2.604305184877786417e+01
5.339999999999997193e+00,-9.227843999916016671e+00,2.568972421639405468e+01
5.349999999999996980e+00,-1.083189172421901603e+01,2.512450315930180622e+01
5.359999999999997655e+00,-1.234050579706111250e+01,2.435998278909754333e+01
5.369999999999997442e+00,-1.372490080931618373e+01,2.341372496389920954e+01
5.379999999999997229e+00,-1.495962091069317523e+01,2.230776039068913263e+01
5.389999999999997016e+00,-1.602326464679035922e+01,2.106794790854010202e+01
5.399999999999997691e+00,-1.689908589544551987e+01,1.972321080226800305e+01
5.409999999999997478e+00,-1.757544853785656613e+01,1.830467420136683998e+01
5.419999999999997264e+00,-1.804611724476675860e+01,1.684473214760910409e+01
5.429999999999997051e+00,-1.831037254775148426e+01,1.537607646379129456e+01
5.439999999999997726e+00,-1.837294497896819934e+01,1.393072185560088094e+01
5.449999999999997513e+00,-1.824377020355396439e+01,1.253906251521688731e+01
5.459999999999997300e+00,-1.793757438295848061e+01,1.122899473372833157e+01
5.469999999999997087e+00,-1.747330610496333492e+01,1.002513762831144106e+01
5.479999999999996874e+00,-1.687343769799606719e+01,8.948180110783837904e+00
5.489999999999997549e+00,-1.616316423428438753e+01,8.014376832125501338e+00
5.499999999999997335e+00,-1.536953268713267207e+01,7.235209295236082028e+00
5.509999999999997122e+00,-1.452053628459114876e+01,6.617220979979808071e+00
5.519999999999996909e+00,-1.364420993199391141e+01,6.162027574916720596e+00
5.529999999999997584e+00,-1.276776160483511369e+01,5.866495696481266009e+00
5.539999999999997371e+00,-1.191677190147708920e+01,5.723076238879392541e+00
5.549999999999997158e+00,-1.111448966459017562e+01,5.720272148399330625e+00
5.559999999999996945e+00,-1.038124600440835366e+01,5.843215308238988825e+00
5.569999999999997620e+00,-9.734002541348409920e+00,6.074323625408598382e+00
5.579999999999997407e+00,-9.186042642791562685e+00,6.394007498682802826e+00
5.589999999999997193e+00,-8.746807298716118950e+00,6.781394671164680865e+00
5.599999999999996980e+00,-8.421870499043983216e+00,7.215043971383349408e+00
5.609999999999997655e+00,-8.213042942231785659e+00,7.673621450840544256e+00
5.619999999999997442e+00,-8.118587956285233886e+00,8.136516664922915254e+00
5.629999999999997229e+00,-8.133529899565237642e+00,8.584381974407843785e+00
5.639999999999997016e+00,-8.250033175796941620e+00,8.999583374545212067e+00
5.649999999999996803e+00,-8.457829380465556213e+00,9.366557078070581355e+00
5.659999999999997478e+00,-8.744670918216611355e+00,9.672071490803517690e+00
5.669999999999997264e+00,-9.096791514999420514e+00,9.905398969731262326e+00
5.679999999999997051e+00,-9.499357131412200062e+00,1.005840555806517322e+01
5.689999999999996838e+00,-9.936894539896568901e+00,1.012556955231020517e+01
5.699999999999997513e+00,-1.039368889841805910e+01,1.010394117626858446e+01
5.709999999999997300e+00,-1.085414567244004402e+01,9.993055824489193384e+00
5.719999999999997087e+00,-1.130311588521574251e+01,9.794812402269347018e+00
5.729999999999996874e+00,-1.172618662479877649e+01,9.513326428999389961e+00
5.739999999999997549e+00,-1.210994078926054307e+01,9.154765054336946761e+00
5.749999999999997335e+00,-1.244219108315144950e+01,8.727168275931806107e+00
5.759999999999997122e+00,-1.271219325948153411e+01,8.240257774873454011e+00
5.769999999999996909e+00,-1.291084260133773753e+01,7.705232222082224247e+00
5.779999999999997584e+00,-1.303085581454812214e+01,7.134545939433452943e+00
5.789999999999997371e+00,-1.306693809133734341e+01,6.541666646270970276e+00
5.799999999999997158e+00,-1.301593239254904688e+01,5.940807828309939254e+00
5.809999999999996945e+00,-1.287694529952911537e+01,5.346632083643587663e+00
5.819999999999996732e+00,-1.265144142468709809e+01,4.773923586017962073e+00
5.829999999999997407e+00,-1.234329663510465203e+01,4.237230423186288952e+00
5.839999999999997193e+00,-1.195879947886487571e+01,3.750480801546584253e+00
5.849999999999996980e+00,-1.150659038016835645e+01,3.326580677516079998e+00
5.859999999999996767e+00,-1.099752947136663117e+01,2.977003960455784970e+00
5.869999999999997442e+00,-1.044448634750569838e+01,2.711389695587198112e+00
5.879999999999997229e+00,-9.862048455845451755e+00,2.537163254401863632e+00
5.889999999999997016e+00,-9.266149074008978914e+00,2.459200248905255126e+00
5.899999999999996803e+00,-8.673620615236696807e+00,2.479552420606690344e+00
5.909999999999997478e+00,-8.101684000764548088e+00,2.597253991812261464e+00
5.919999999999997264e+00,-7.567389698250083896e+00,2.808224855102107398e+00
5.929999999999997051e+00,-7.087030375897239054e+00,3.105283565685079683e+00
5.939999999999996838e+00,-6.675548619791373817e+00,3.478278537326192854e+00
5.949999999999997513e+00,-6.345965508674844102e+00,3.914340361833859916e+00
5.959999999999997300e+00,-6.108856806621686175e+00,4.398252085186790339e+00
5.969999999999997087e+00,-5.971902977028149984e+00,4.912927944787821133e+00
5.979999999999996874e+00,-5.939537096530259852e+00,5.439984896249567825e+00
5.989999999999996660e+00,-6.012711113589542578e+00,5.960385631877366031e+00
5.999999999999997335e+00,-6.188795913277353122e+00,6.455127090200703854e+00
