time_fs,alpha,Q_ELF,Jz,Ac_ext_z,Ac_xc_z,Exc_z
1.935107461204000137e-02,2.000000000000000111e-01,nan,-1.737308172251829959e-06,-6.346671315581459962e-05,-1.598362627747958535e-08,8.587731197634335132e-08
3.870214922408000274e-02,2.000000000000000111e-01,nan,-8.876559435734439590e-06,-3.352418576534929953e-04,-3.119526656876675793e-07,8.473500370837796608e-07
5.805322383612000064e-02,2.000000000000000111e-01,nan,-2.350355894480100167e-05,-9.164348857664659674e-04,-1.823768382650771058e-06,3.329617996266182131e-06
7.740429844816000549e-02,2.000000000000000111e-01,nan,-4.661043491217729899e-05,-1.872075950428040043e-03,-6.434239061839481097e-06,8.825156379758529083e-06
9.675537306020000339e-02,2.000000000000000111e-01,nan,-7.796786782364800651e-05,-3.223225261595720047e-03,-1.709869460703142990e-05,1.868956700642402779e-05
1.161064476722400013e-01,2.000000000000000111e-01,nan,-1.160120210305549965e-04,-4.942303284815949792e-03,-3.781435239801837333e-05,3.413559690272487021e-05
1.354575222842799853e-01,2.000000000000000111e-01,nan,-1.578785256933770080e-04,-6.952013779390680409e-03,-7.342051849813397975e-05,5.602028513044943875e-05
1.548085968963200110e-01,2.000000000000000111e-01,nan,-1.995783389431900082e-04,-9.128000496294379554e-03,-1.292338280123602834e-04,8.464927876364076054e-05
1.741596715083600089e-01,2.000000000000000111e-01,nan,-2.362910493703189951e-04,-1.130513683490219981e-02,-2.105407307322881014e-04,1.196188003835645661e-04
1.935107461204000068e-01,2.000000000000000111e-01,nan,-2.627718708841629840e-04,-1.328711070698019962e-02,-3.219848220560977124e-04,1.597139299917892195e-04
2.128618207324400324e-01,2.000000000000000111e-01,nan,-2.738001244125430264e-04,-1.485874886439200043e-02,-4.669002989590035138e-04,2.028767687301631845e-04
2.322128953444800026e-01,2.000000000000000111e-01,nan,-2.645934766906820235e-04,-1.580033949829880158e-02,-6.466480645052655966e-04,2.462439081007390218e-04
2.515639699565200282e-01,2.000000000000000111e-01,nan,-2.312103402399239937e-04,-1.590307058099239834e-02,-8.600078257326693957e-04,2.862486310627178300e-04
2.709150445685599706e-01,2.000000000000000111e-01,nan,-1.709438486450250009e-04,-1.498461315009140017e-02,-1.102677791346152493e-03,3.187875342844603789e-04
2.902661191806000240e-01,2.000000000000000111e-01,nan,-8.263265784325600179e-05,-1.290384932168689956e-02,-1.366931476653623304e-03,3.394443697038557434e-04
3.096171937926400219e-01,2.000000000000000111e-01,nan,3.313068655700379694e-05,-9.573776539767309829e-03,-1.641471243474596203e-03,3.437552448827272734e-04
3.289682684046800198e-01,2.000000000000000111e-01,nan,1.738805793470810058e-04,-4.971711033826049786e-03,-1.911505396362363912e-03,3.274998868736377100e-04
3.483193430167200177e-01,2.000000000000000111e-01,nan,3.352356604148889791e-04,8.539403210103289682e-04,-2.159064249818818011e-03,2.870057487537467289e-04
3.676704176287600156e-01,2.000000000000000111e-01,nan,5.109717327675919766e-04,7.780877864593130008e-03,-2.363560205621602437e-03,2.194507914638312625e-04
3.870214922408000136e-01,2.000000000000000111e-01,nan,6.932464649451719994e-04,1.561438684201319968e-02,-2.502582043756519398e-03,1.231420590475237279e-04
4.063725668528400115e-01,2.000000000000000111e-01,nan,8.729412407956360512e-04,2.409315499311870043e-02,-2.552895131355604249e-03,-2.251263643161653151e-06
4.257236414648800649e-01,2.000000000000000111e-01,nan,1.040110728476249932e-03,3.289923275018150073e-02,-2.491603848837259383e-03,-1.555283040002793148e-04
4.450747160769200073e-01,2.000000000000000111e-01,nan,1.184512707712749927e-03,4.167168930329590015e-02,-2.297418953929600098e-03,-3.338659105650375715e-04
4.644257906889600052e-01,2.000000000000000111e-01,nan,1.296161037246730107e-03,5.002329111611659995e-02,-1.951962744080876786e-03,-5.328153489513972512e-04
4.837768653010000031e-01,2.000000000000000111e-01,nan,1.365883645191250063e-03,5.755933917742669936e-02,-1.441041396026336401e-03,-7.463877912355760223e-04
5.031279399130400565e-01,2.000000000000000111e-01,nan,1.385891855401400093e-03,6.389765890103130119e-02,-7.558129592669294737e-04,-9.672300207692253364e-04
5.224790145250800544e-01,2.000000000000000111e-01,nan,1.350321408146690086e-03,6.868865092855699905e-02,1.062214612448797994e-04,-1.186890011898336606e-03
5.418300891371199413e-01,2.000000000000000111e-01,nan,1.255656908724069910e-03,7.163428765521440145e-02,1.140471575661072302e-03,-1.396160778603509380e-03
5.611811637491600502e-01,2.000000000000000111e-01,nan,1.101021382201089992e-03,7.250498097613969350e-02,2.334810968373867302e-03,-1.585480799057073118e-03
5.805322383612000481e-01,2.000000000000000111e-01,nan,8.883528588264059554e-04,7.115334968505980517e-02,3.669466748090542338e-03,-1.745372044404207984e-03
5.998833129732400460e-01,2.000000000000000111e-01,nan,6.224234270635070490e-04,6.752407464379189816e-02,5.117267811521191388e-03,-1.866894166694722280e-03
6.192343875852800439e-01,2.000000000000000111e-01,nan,3.106988902650750241e-04,6.165923743866109918e-02,6.644254184953451471e-03,-1.942088669348255442e-03
6.385854621973200418e-01,2.000000000000000111e-01,nan,-3.694418682958030040e-05,5.369878207610689902e-02,8.210629639133812385e-03,-1.964389031244438873e-03
6.579365368093600397e-01,2.000000000000000111e-01,nan,-4.086178280747189916e-04,4.387600551683049771e-02,9.772021653340130787e-03,-1.928975788310547355e-03
6.772876114214000376e-01,2.000000000000000111e-01,nan,-7.909058311597289915e-04,3.250825632509950214e-02,1.128099797973585415e-02,-1.833060690958118050e-03
6.966386860334400355e-01,2.000000000000000111e-01,nan,-1.169428338602190040e-03,1.998328576691730044e-02,1.268877794594791900e-02,-1.676087169128794019e-03
7.159897606454800334e-01,2.000000000000000111e-01,nan,-1.529478781884640063e-03,6.741937119826869711e-03,1.394706633854633782e-02,-1.459834346731188164e-03
7.353408352575200313e-01,2.000000000000000111e-01,nan,-1.856705906911430013e-03,-6.741937119826930426e-03,1.500992861958816774e-02,-1.188415126148183870e-03
7.546919098695600292e-01,2.000000000000000111e-01,nan,-2.137796986761069957e-03,-1.998328576691730044e-02,1.583562063582237556e-02,-8.681642932951419075e-04
7.740429844816000271e-01,2.000000000000000111e-01,nan,-2.361108437123470016e-03,-3.250825632509950214e-02,1.638828598438512793e-02,-5.074210076296079702e-04
7.933940590936399140e-01,2.000000000000000111e-01,nan,-2.517222713967520037e-03,-4.387600551683040057e-02,1.663944049769962297e-02,-1.162161104183677407e-04
8.127451337056800229e-01,2.000000000000000111e-01,nan,-2.599415455111430198e-03,-5.369878207610689902e-02,1.656917275038391132e-02,2.941226839794138653e-04
8.320962083177200208e-01,2.000000000000000111e-01,nan,-2.604009028430619849e-03,-6.165923743866109918e-02,1.616700101617286195e-02,7.114317791892532661e-04
8.514472829297601297e-01,2.000000000000000111e-01,nan,-2.530573148828570065e-03,-6.752407464379189816e-02,1.543234186980384920e-02,1.123217426338986823e-03
8.707983575418000166e-01,2.000000000000000111e-01,nan,-2.381941181498190008e-03,-7.115334968505980517e-02,1.437456509330392943e-02,1.517179205562195748e-03
8.901494321538400145e-01,2.000000000000000111e-01,nan,-2.164042114376969837e-03,-7.250498097613969350e-02,1.301263278869390499e-02,1.881721007845026106e-03
9.095005067658800124e-01,2.000000000000000111e-01,nan,-1.885571386910950059e-03,-7.163428765521430430e-02,1.137434397075002233e-02,2.206421957980857045e-03
9.288515813779200103e-01,2.000000000000000111e-01,nan,-1.557537365806290104e-03,-6.868865092855699905e-02,9.495226348225185506e-03,2.482444150023329580e-03
9.482026559899601192e-01,2.000000000000000111e-01,nan,-1.192709531088669917e-03,-6.389765890103130119e-02,7.417133088383114428e-03,2.702859782434174473e-03
9.675537306020000061e-01,2.000000000000000111e-01,nan,-8.049806762635199628e-04,-5.755933917742669936e-02,5.186615074365949485e-03,2.862882944553720582e-03
9.869048052140400040e-01,2.000000000000000111e-01,nan,-4.086801677281579927e-04,-5.002329111611659995e-02,2.853149923791231148e-03,2.959994574818102051e-03
1.006255879826080113e+00,2.000000000000000111e-01,nan,-1.790700137882809875e-05,-4.167168930329590015e-02,4.673148898372080193e-04,2.993958355270782967e-03
1.025606954438120111e+00,2.000000000000000111e-01,nan,3.540820465156919897e-04,-3.289923275018150073e-02,-1.921011347413395824e-03,2.966734102263276357e-03
1.044958029050160109e+00,2.000000000000000111e-01,nan,6.954215401527940156e-04,-2.409315499311870043e-02,-4.264339739612905446e-03,2.882298199673621972e-03
1.064309103662200107e+00,2.000000000000000111e-01,nan,9.961005001716269694e-04,-1.561438684201319968e-02,-6.519084732696235791e-03,2.746382507238658097e-03
1.083660178274239883e+00,2.000000000000000111e-01,nan,1.248314052993690099e-03,-7.780877864593090110e-03,-8.646841971329307514e-03,2.566148113112881775e-03
1.103011252886280102e+00,2.000000000000000111e-01,nan,1.446704965449639984e-03,-8.539403210103109704e-04,-1.061538474825724464e-02,2.349811412943978318e-03
1.122362327498320100e+00,2.000000000000000111e-01,nan,1.588466872061570058e-03,4.971711033826049786e-03,-1.239934863866862767e-02,2.106242271484616829e-03
1.141713402110360098e+00,2.000000000000000111e-01,nan,1.673300989424620104e-03,9.573776539767339319e-03,-1.398059117510199595e-02,1.844557451840828782e-03
1.161064476722400096e+00,2.000000000000000111e-01,nan,1.703236120429910084e-03,1.290384932168689956e-02,-1.534823201148642971e-02,1.573732139578210096e-03
1.180415551334439872e+00,2.000000000000000111e-01,nan,1.682346640887569938e-03,1.498461315009140017e-02,-1.649839624848963363e-02,1.302249107870689926e-03
1.199766625946480092e+00,2.000000000000000111e-01,nan,1.616416436140309925e-03,1.590307058099239834e-02,-1.743369645163994272e-02,1.037797721724917702e-03
1.219117700558520090e+00,2.000000000000000111e-01,nan,1.512548275273939988e-03,1.580033949829880158e-02,-1.816249644901601901e-02,7.870308809090377500e-04
1.238468775170560088e+00,2.000000000000000111e-01,nan,1.378733047235740101e-03,1.485874886439189982e-02,-1.869800674649694031e-02,5.553882206686330814e-04
1.257819849782600086e+00,2.000000000000000111e-01,nan,1.223404512192329983e-03,1.328711070698019962e-02,-1.905726638323891955e-02,3.469893819457335257e-04
1.277170924394640084e+00,2.000000000000000111e-01,nan,1.054973927207389925e-03,1.130513683490219981e-02,-1.926006833563712398e-02,1.646001766101917382e-04
1.296521999006680081e+00,2.000000000000000111e-01,nan,8.813648342605720151e-04,9.128000496294379554e-03,-1.932788782656574139e-02,9.673701355434639881e-06
1.315873073618720079e+00,2.000000000000000111e-01,nan,7.096089057390560489e-04,6.952013779390680409e-03,-1.928287241105882538e-02,-1.175380001674618952e-04
1.335224148230760077e+00,2.000000000000000111e-01,nan,5.455557643337749594e-04,4.942303284815940251e-03,-1.914694498211349724e-02,-2.178164276141984074e-04
1.354575222842800075e+00,2.000000000000000111e-01,nan,3.936911950278850045e-04,3.223225261595720047e-03,-1.894105692186013809e-02,-2.927717264565024222e-04
1.373926297454840073e+00,2.000000000000000111e-01,nan,2.570469605640139958e-04,1.872075950428040043e-03,-1.868461488356160452e-02,-3.446159818976677128e-04
1.393277372066880071e+00,2.000000000000000111e-01,nan,1.372035793118829908e-04,9.164348857664659674e-04,-1.839509267888511310e-02,-3.759297099739005235e-04
1.412628446678920069e+00,2.000000000000000111e-01,nan,3.436652475959430127e-05,3.352418576534929953e-04,-1.808782817198062096e-02,-3.894348297896329733e-04
1.431979521290960067e+00,2.000000000000000111e-01,nan,-5.248229533672929857e-05,6.346671315581380003e-05,-1.777599537912694094e-02,-3.877857280628217024e-04
1.451330595903000065e+00,2.000000000000000111e-01,nan,-1.253550368350419967e-04,0.000000000000000000e+00,-1.747073235776245084e-02,-3.733908472191909897e-04
1.470681670515040063e+00,2.000000000000000111e-01,nan,-1.874568806592869928e-04,0.000000000000000000e+00,-1.718140371312440462e-02,-3.482412006442382052e-04
1.490032745127080060e+00,2.000000000000000111e-01,nan,-2.397420678671300027e-04,0.000000000000000000e+00,-1.691596555990547077e-02,-3.139318773764205803e-04
1.509383819739120058e+00,2.000000000000000111e-01,nan,-2.818453055894069924e-04,0.000000000000000000e+00,-1.668110660270543180e-02,-2.720703704648264748e-04
1.528734894351160056e+00,2.000000000000000111e-01,nan,-3.138893734520199893e-04,0.000000000000000000e+00,-1.648221747556848082e-02,-2.242810279300426132e-04
1.548085968963200054e+00,2.000000000000000111e-01,nan,-3.362957672787920071e-04,0.000000000000000000e+00,-1.632340428973005561e-02,-1.721427604691556576e-04
1.567437043575240052e+00,2.000000000000000111e-01,nan,-3.497209979335549977e-04,0.000000000000000000e+00,-1.620754200064400755e-02,-1.171481689892731742e-04
1.586788118187279828e+00,2.000000000000000111e-01,nan,-3.550424893347290073e-04,0.000000000000000000e+00,-1.613635833406843953e-02,-6.066669634163541353e-05
1.606139192799320270e+00,2.000000000000000111e-01,nan,-3.532987768187999776e-04,0.000000000000000000e+00,-1.611054546233765816e-02,-3.913383383948206007e-06
1.625490267411360046e+00,2.000000000000000111e-01,nan,-3.455954228012670065e-04,0.000000000000000000e+00,-1.612989191657529520e-02,5.206952916837672557e-05
1.644841342023400044e+00,2.000000000000000111e-01,nan,-3.330074941939699992e-04,0.000000000000000000e+00,-1.619342307261766034e-02,1.064155646425275076e-04
1.664192416635440042e+00,2.000000000000000111e-01,nan,-3.164898579642220046e-04,0.000000000000000000e+00,-1.629953777493133027e-02,1.584215732023178114e-04
1.683543491247479817e+00,2.000000000000000111e-01,nan,-2.968540184237330125e-04,0.000000000000000000e+00,-1.644613028257636486e-02,2.075252875295176269e-04
1.702894565859520259e+00,2.000000000000000111e-01,nan,-2.748598043878689953e-04,0.000000000000000000e+00,-1.663069514674410734e-02,2.532882749415633905e-04
1.722245640471560035e+00,2.000000000000000111e-01,nan,-2.513597609536500168e-04,0.000000000000000000e+00,-1.685042605298584656e-02,2.953993457219033711e-04
1.741596715083600033e+00,2.000000000000000111e-01,nan,-2.274167736629529896e-04,0.000000000000000000e+00,-1.710232616104158387e-02,3.336990974067395935e-04
1.760947789695640031e+00,2.000000000000000111e-01,nan,-2.044027056247470133e-04,0.000000000000000000e+00,-1.738334523336846141e-02,3.682218709372955465e-04
1.780298864307680029e+00,2.000000000000000111e-01,nan,-1.840438963209350075e-04,0.000000000000000000e+00,-1.769055570861612081e-02,3.992496840283946483e-04
1.799649938919720249e+00,2.000000000000000111e-01,nan,-1.683894535699880088e-04,0.000000000000000000e+00,-1.802137338958965246e-02,4.273677720213666514e-04
1.819001013531760025e+00,2.000000000000000111e-01,nan,-1.596535550288669938e-04,0.000000000000000000e+00,-1.837381801021719524e-02,4.535052412432856450e-04
1.838352088143800023e+00,2.000000000000000111e-01,nan,-1.599938656427590095e-04,0.000000000000000000e+00,-1.874679428287146649e-02,4.789438954963358419e-04
1.857703162755840021e+00,2.000000000000000111e-01,nan,-1.712829108902479993e-04,0.000000000000000000e+00,-1.914036566283227811e-02,5.052910317172518151e-04
1.877054237367880019e+00,2.000000000000000111e-01,nan,-1.948855691390100108e-04,0.000000000000000000e+00,-1.955599165585646809e-02,5.344156495678186944e-04
1.896405311979920238e+00,2.000000000000000111e-01,nan,-2.314884123265729943e-04,0.000000000000000000e+00,-1.999670069670445027e-02,5.683525834862881987e-04
1.915756386591960236e+00,2.000000000000000111e-01,nan,-2.810050868146819866e-04,0.000000000000000000e+00,-2.046717707003429393e-02,6.091855894126141369e-04
1.935107461204000012e+00,2.000000000000000111e-01,nan,-3.425212277190559963e-04,0.000000000000000000e+00,-2.097374925787613351e-02,6.589188604343718461e-04
1.954458535816040010e+00,2.000000000000000111e-01,nan,-4.142916654665649992e-04,0.000000000000000000e+00,-2.152427284985375736e-02,7.193433342452806509e-04
1.973809610428080008e+00,2.000000000000000111e-01,nan,-4.938289505370300298e-04,0.000000000000000000e+00,-2.212790810019998888e-02,7.919095082421648626e-04
1.993160685040120228e+00,2.000000000000000111e-01,nan,-5.780667182060000072e-04,0.000000000000000000e+00,-2.279480331413653860e-02,8.776212709616249691e-04
2.012511759652160226e+00,2.000000000000000111e-01,nan,-6.635275097860289474e-04,0.000000000000000000e+00,-2.353570410747118924e-02,9.769568208474379428e-04
2.031862834264200224e+00,2.000000000000000111e-01,nan,-7.465111996438670260e-04,0.000000000000000000e+00,-2.436151024974229570e-02,1.089817255409738367e-03
2.051213908876240222e+00,2.000000000000000111e-01,nan,-8.233405745004249762e-04,0.000000000000000000e+00,-2.528280469132447930e-02,1.215510057045367937e-03
2.070564983488279776e+00,2.000000000000000111e-01,nan,-8.906072968758910234e-04,0.000000000000000000e+00,-2.630938548709444574e-02,1.352772833222606712e-03
2.089916058100320218e+00,2.000000000000000111e-01,nan,-9.453768986861949561e-04,0.000000000000000000e+00,-2.744983171338551825e-02,1.499833447748629735e-03
2.109267132712360215e+00,2.000000000000000111e-01,nan,-9.853333213274220476e-04,0.000000000000000000e+00,-2.871112937558569639e-02,1.654498203519758244e-03
2.128618207324400213e+00,2.000000000000000111e-01,nan,-1.008870211381750030e-03,0.000000000000000000e+00,-3.009837590492512802e-02,1.814258682113884490e-03
2.147969281936440211e+00,2.000000000000000111e-01,nan,-1.015134953327609998e-03,0.000000000000000000e+00,-3.161457503388642731e-02,1.976409588825634236e-03
2.167320356548479765e+00,2.000000000000000111e-01,nan,-1.004006219981549899e-03,0.000000000000000000e+00,-3.326052741077153985e-02,2.138168421563554217e-03
2.186671431160520207e+00,2.000000000000000111e-01,nan,-9.760153166267220189e-04,0.000000000000000000e+00,-3.503481423768024100e-02,2.296786840160630616e-03
2.206022505772560205e+00,2.000000000000000111e-01,nan,-9.322170453349609871e-04,0.000000000000000000e+00,-3.693386390328590868e-02,2.449645402123525745e-03
2.225373580384600203e+00,2.000000000000000111e-01,nan,-8.740425377100139977e-04,0.000000000000000000e+00,-3.895208539246834689e-02,2.594325250451301815e-03
2.244724654996640201e+00,2.000000000000000111e-01,nan,-8.032005361171519822e-04,0.000000000000000000e+00,-4.108205043371010445e-02,2.728659627629619749e-03
2.264075729608679755e+00,2.000000000000000111e-01,nan,-7.216383055617340420e-04,0.000000000000000000e+00,-4.331471181663022058e-02,2.850774418635499893e-03
2.283426804220720197e+00,2.000000000000000111e-01,nan,-6.315257590116950433e-04,0.000000000000000000e+00,-4.563965251075830648e-02,2.959125257406738235e-03
2.302777878832760194e+00,2.000000000000000111e-01,nan,-5.352228673194810117e-04,0.000000000000000000e+00,-4.804536304352995113e-02,3.052530567292707081e-03
2.322128953444800192e+00,2.000000000000000111e-01,nan,-4.352609287499229732e-04,0.000000000000000000e+00,-5.051954337082177615e-02,3.130200144867882964e-03
2.341480028056840190e+00,2.000000000000000111e-01,nan,-3.343349221437170050e-04,0.000000000000000000e+00,-5.304942685533197561e-02,3.191762189001670982e-03
2.360831102668879744e+00,2.000000000000000111e-01,nan,-2.352542352070939894e-04,0.000000000000000000e+00,-5.562212467749429873e-02,3.237286167466100692e-03
2.380182177280920186e+00,2.000000000000000111e-01,nan,-1.408527876012630024e-04,0.000000000000000000e+00,-5.822498452007847380e-02,3.267294568021694365e-03
2.399533251892960184e+00,2.000000000000000111e-01,nan,-5.383117761528220292e-05,0.000000000000000000e+00,-6.084595164121214123e-02,3.282755246168536992e-03
2.418884326505000182e+00,2.000000000000000111e-01,nan,2.346357866027470147e-05,0.000000000000000000e+00,-6.347391217019093812e-02,3.285042896487237046e-03
2.438235401117040180e+00,2.000000000000000111e-01,nan,8.924166930596600517e-05,0.000000000000000000e+00,-6.609899135317941210e-02,3.275865431642127623e-03
2.457586475729079734e+00,2.000000000000000111e-01,nan,1.424059578615080091e-04,0.000000000000000000e+00,-6.871278120292212410e-02,3.257162974098018471e-03
2.476937550341120176e+00,2.000000000000000111e-01,nan,1.825960438661239880e-04,0.000000000000000000e+00,-7.130848046874488366e-02,3.230992163283548380e-03
2.496288624953160173e+00,2.000000000000000111e-01,nan,2.101328880291700011e-04,0.000000000000000000e+00,-7.388094134189852891e-02,3.199411384286702381e-03
2.515639699565200171e+00,2.000000000000000111e-01,nan,2.258627244880070082e-04,0.000000000000000000e+00,-7.642663005934451081e-02,3.164383060692312066e-03
2.534990774177240169e+00,2.000000000000000111e-01,nan,2.309549532556560091e-04,0.000000000000000000e+00,-7.894352074928226437e-02,3.127705712714645703e-03
2.554341848789280167e+00,2.000000000000000111e-01,nan,2.267101151397140095e-04,0.000000000000000000e+00,-8.143094777930325046e-02,3.090977858937523498e-03
2.573692923401320165e+00,2.000000000000000111e-01,nan,2.143816471710859874e-04,0.000000000000000000e+00,-8.388944116588567534e-02,3.055591391230069037e-03
2.593043998013360163e+00,2.000000000000000111e-01,nan,1.950283975873159925e-04,0.000000000000000000e+00,-8.632056774458168880e-02,3.022751803549977162e-03
2.612395072625400161e+00,2.000000000000000111e-01,nan,1.694554451521589999e-04,0.000000000000000000e+00,-8.872679623557369610e-02,2.993515243117621932e-03
2.631746147237440159e+00,2.000000000000000111e-01,nan,1.382268592954259939e-04,0.000000000000000000e+00,-9.111139405942433878e-02,2.968828894941641372e-03
2.651097221849480157e+00,2.000000000000000111e-01,nan,1.017356772383210065e-04,0.000000000000000000e+00,-9.347835438536214459e-02,2.949564615217607766e-03
2.670448296461520155e+00,2.000000000000000111e-01,nan,6.031878177940250003e-05,0.000000000000000000e+00,-9.583234461024789375e-02,2.936537661294563728e-03
2.689799371073560152e+00,2.000000000000000111e-01,nan,1.440489046585990061e-05,0.000000000000000000e+00,-9.817866164332499090e-02,2.930504051700758700e-03
2.709150445685600150e+00,2.000000000000000111e-01,nan,-3.535331857762169923e-05,0.000000000000000000e+00,-1.005231756088374312e-01,2.932134686175688620e-03
2.728501520297640148e+00,2.000000000000000111e-01,nan,-8.800488216170140085e-05,0.000000000000000000e+00,-1.028722455255726004e-01,2.941972765331882234e-03
2.747852594909680146e+00,2.000000000000000111e-01,nan,-1.422833965298699944e-04,0.000000000000000000e+00,-1.052325973939281789e-01,2.960383933375398263e-03
2.767203669521720144e+00,2.000000000000000111e-01,nan,-1.966608170533710098e-04,0.000000000000000000e+00,-1.076111626476630029e-01,2.987508970836785793e-03
2.786554744133760142e+00,2.000000000000000111e-01,nan,-2.494941039842460254e-04,0.000000000000000000e+00,-1.100148841305314817e-01,3.023232466952199826e-03
2.805905818745800140e+00,2.000000000000000111e-01,nan,-2.992284819928929876e-04,0.000000000000000000e+00,-1.124505079851561423e-01,3.067180492028094563e-03
2.825256893357840138e+00,2.000000000000000111e-01,nan,-3.445845566112130053e-04,0.000000000000000000e+00,-1.149243866203437242e-01,3.118750146402157752e-03
2.844607967969880136e+00,2.000000000000000111e-01,nan,-3.847084725611490019e-04,0.000000000000000000e+00,-1.174423165443717748e-01,3.177166176107810991e-03
2.863959042581920134e+00,2.000000000000000111e-01,nan,-4.192648020897019783e-04,0.000000000000000000e+00,-1.200094300727725799e-01,3.241557492492455617e-03
2.883310117193960131e+00,2.000000000000000111e-01,nan,-4.484482162083189890e-04,0.000000000000000000e+00,-1.226301524982208735e-01,3.311042069850840541e-03
2.902661191806000129e+00,2.000000000000000111e-01,nan,-4.729373668091040213e-04,0.000000000000000000e+00,-1.253082265065036949e-01,3.384808594114087354e-03
2.922012266418040127e+00,2.000000000000000111e-01,nan,-4.938074176681770322e-04,0.000000000000000000e+00,-1.280467981492416363e-01,3.462187613057811364e-03
2.941363341030080125e+00,2.000000000000000111e-01,nan,-5.123737261547910236e-04,0.000000000000000000e+00,-1.308485527936552595e-01,3.542703420258801195e-03
2.960714415642120123e+00,2.000000000000000111e-01,nan,-5.299925929639749764e-04,0.000000000000000000e+00,-1.337158813495433751e-01,3.626096684442720042e-03
2.980065490254160121e+00,2.000000000000000111e-01,nan,-5.478717556919720112e-04,0.000000000000000000e+00,-1.366510518790161610e-01,3.712315571116620028e-03
2.999416564866200119e+00,2.000000000000000111e-01,nan,-5.668971435929269541e-04,0.000000000000000000e+00,-1.396563623528406795e-01,3.801477924314511370e-03
3.018767639478240117e+00,2.000000000000000111e-01,nan,-5.874872889759470479e-04,0.000000000000000000e+00,-1.427342524739445839e-01,3.893807478679359169e-03
3.038118714090280115e+00,2.000000000000000111e-01,nan,-6.095365413869110365e-04,0.000000000000000000e+00,-1.458873566233552244e-01,3.989552877915747420e-03
3.057469788702320113e+00,2.000000000000000111e-01,nan,-6.324888175828819901e-04,0.000000000000000000e+00,-1.491184911340744101e-01,4.088908061286762596e-03
3.076820863314360111e+00,2.000000000000000111e-01,nan,-6.555157974669979966e-04,0.000000000000000000e+00,-1.524305850257598738e-01,4.191953380735732870e-03
3.096171937926400108e+00,2.000000000000000111e-01,nan,-6.777459713493010117e-04,0.000000000000000000e+00,-1.558265764226626771e-01,4.298630070308402662e-03
